timestamp,user_id,video_path,score,type
2025-12-04T12:27:50.382601,20002943403,Video 12: Olaqzsc Dsrhqqxt Ditt,0.6186,personalized_feed
2025-12-04T12:27:50.383347,20002943403,Video 15: Qpfn Tabvqd Gfmd,0.6177,personalized_feed
2025-12-04T12:27:50.383452,20002943403,Video 67: Hltjb Hknhesi Trbxyja,0.6176,personalized_feed
2025-12-04T12:27:50.383526,20002943403,Video 50: Syvz Awbtgm Qpme,0.6174,personalized_feed
2025-12-04T12:27:50.383595,20002943403,Video 21: Rddilws Oidx Uyjlne,0.6169,personalized_feed
2025-12-04T12:27:50.383671,20002943403,Video 80: Htknwv Hmuozm Zqftls,0.6165,personalized_feed
2025-12-04T12:27:50.383744,20002943403,Video 72: Koot Yylwmvnf Sukada,0.6158,personalized_feed
2025-12-04T12:27:50.383816,20002943403,Video 91: Mdvar Zoxqiq Lqkrahr,0.6158,personalized_feed
2025-12-04T12:27:50.383888,20002943403,Video 86: Zvwgjuto Zuga Kjeen,0.6154,personalized_feed
2025-12-04T12:27:50.383968,20002943403,Video 57: Eyges Fqysqrb Hlerzt,0.6139,personalized_feed
2025-12-04T12:27:50.384103,20003044078,Video 12: Olaqzsc Dsrhqqxt Ditt,0.7283,personalized_feed
2025-12-04T12:27:50.384185,20003044078,Video 15: Qpfn Tabvqd Gfmd,0.7272,personalized_feed
2025-12-04T12:27:50.384262,20003044078,Video 67: Hltjb Hknhesi Trbxyja,0.727,personalized_feed
2025-12-04T12:27:50.384336,20003044078,Video 50: Syvz Awbtgm Qpme,0.7269,personalized_feed
2025-12-04T12:27:50.384407,20003044078,Video 21: Rddilws Oidx Uyjlne,0.7262,personalized_feed
2025-12-04T12:27:50.384479,20003044078,Video 80: Htknwv Hmuozm Zqftls,0.7257,personalized_feed
2025-12-04T12:27:50.384549,20003044078,Video 72: Koot Yylwmvnf Sukada,0.7249,personalized_feed
2025-12-04T12:27:50.384617,20003044078,Video 91: Mdvar Zoxqiq Lqkrahr,0.7248,personalized_feed
2025-12-04T12:27:50.384684,20003044078,Video 86: Zvwgjuto Zuga Kjeen,0.7243,personalized_feed
2025-12-04T12:27:50.384750,20003044078,Video 57: Eyges Fqysqrb Hlerzt,0.7225,personalized_feed
2025-12-04T12:27:50.384844,20003044136,Video 12: Olaqzsc Dsrhqqxt Ditt,0.5125,personalized_feed
2025-12-04T12:27:50.384924,20003044136,Video 15: Qpfn Tabvqd Gfmd,0.5117,personalized_feed
2025-12-04T12:27:50.385026,20003044136,Video 67: Hltjb Hknhesi Trbxyja,0.5116,personalized_feed
2025-12-04T12:27:50.385102,20003044136,Video 50: Syvz Awbtgm Qpme,0.5115,personalized_feed
2025-12-04T12:27:50.385487,20003044136,Video 21: Rddilws Oidx Uyjlne,0.5111,personalized_feed
2025-12-04T12:27:50.385605,20003044136,Video 80: Htknwv Hmuozm Zqftls,0.5107,personalized_feed
2025-12-04T12:27:50.385691,20003044136,Video 72: Koot Yylwmvnf Sukada,0.5102,personalized_feed
2025-12-04T12:27:50.385778,20003044136,Video 91: Mdvar Zoxqiq Lqkrahr,0.5101,personalized_feed
2025-12-04T12:27:50.385862,20003044136,Video 86: Zvwgjuto Zuga Kjeen,0.5098,personalized_feed
2025-12-04T12:27:50.385952,20003044136,Video 57: Eyges Fqysqrb Hlerzt,0.5085,personalized_feed
2025-12-04T12:27:50.386096,20003788955,Video 12: Olaqzsc Dsrhqqxt Ditt,0.7757,personalized_feed
2025-12-04T12:27:50.386286,20003788955,Video 15: Qpfn Tabvqd Gfmd,0.7745,personalized_feed
2025-12-04T12:27:50.386419,20003788955,Video 67: Hltjb Hknhesi Trbxyja,0.7743,personalized_feed
2025-12-04T12:27:50.386509,20003788955,Video 50: Syvz Awbtgm Qpme,0.7741,personalized_feed
2025-12-04T12:27:50.388032,20003788955,Video 21: Rddilws Oidx Uyjlne,0.7734,personalized_feed
2025-12-04T12:27:50.388130,20003788955,Video 80: Htknwv Hmuozm Zqftls,0.7729,personalized_feed
2025-12-04T12:27:50.388202,20003788955,Video 72: Koot Yylwmvnf Sukada,0.7719,personalized_feed
2025-12-04T12:27:50.388269,20003788955,Video 91: Mdvar Zoxqiq Lqkrahr,0.7718,personalized_feed
2025-12-04T12:27:50.388333,20003788955,Video 86: Zvwgjuto Zuga Kjeen,0.7713,personalized_feed
2025-12-04T12:27:50.388397,20003788955,Video 57: Eyges Fqysqrb Hlerzt,0.7694,personalized_feed
2025-12-04T12:27:50.388501,20005759228,Video 12: Olaqzsc Dsrhqqxt Ditt,0.7451,personalized_feed
2025-12-04T12:27:50.388571,20005759228,Video 15: Qpfn Tabvqd Gfmd,0.744,personalized_feed
2025-12-04T12:27:50.388710,20005759228,Video 67: Hltjb Hknhesi Trbxyja,0.7438,personalized_feed
2025-12-04T12:27:50.388857,20005759228,Video 50: Syvz Awbtgm Qpme,0.7436,personalized_feed
2025-12-04T12:27:50.388938,20005759228,Video 21: Rddilws Oidx Uyjlne,0.743,personalized_feed
2025-12-04T12:27:50.389007,20005759228,Video 80: Htknwv Hmuozm Zqftls,0.7425,personalized_feed
2025-12-04T12:27:50.389073,20005759228,Video 72: Koot Yylwmvnf Sukada,0.7416,personalized_feed
2025-12-04T12:27:50.389136,20005759228,Video 91: Mdvar Zoxqiq Lqkrahr,0.7415,personalized_feed
2025-12-04T12:27:50.389198,20005759228,Video 86: Zvwgjuto Zuga Kjeen,0.741,personalized_feed
2025-12-04T12:27:50.389259,20005759228,Video 57: Eyges Fqysqrb Hlerzt,0.7392,personalized_feed
2025-12-04T12:27:50.389358,20011803609,Video 12: Olaqzsc Dsrhqqxt Ditt,0.7814,personalized_feed
2025-12-04T12:27:50.389428,20011803609,Video 15: Qpfn Tabvqd Gfmd,0.7802,personalized_feed
2025-12-04T12:27:50.389490,20011803609,Video 67: Hltjb Hknhesi Trbxyja,0.78,personalized_feed
2025-12-04T12:27:50.389552,20011803609,Video 50: Syvz Awbtgm Qpme,0.7798,personalized_feed
2025-12-04T12:27:50.389614,20011803609,Video 21: Rddilws Oidx Uyjlne,0.7792,personalized_feed
2025-12-04T12:27:50.389675,20011803609,Video 80: Htknwv Hmuozm Zqftls,0.7787,personalized_feed
2025-12-04T12:27:50.389778,20011803609,Video 72: Koot Yylwmvnf Sukada,0.7778,personalized_feed
2025-12-04T12:27:50.389846,20011803609,Video 91: Mdvar Zoxqiq Lqkrahr,0.7777,personalized_feed
2025-12-04T12:27:50.389908,20011803609,Video 86: Zvwgjuto Zuga Kjeen,0.7772,personalized_feed
2025-12-04T12:27:50.389969,20011803609,Video 57: Eyges Fqysqrb Hlerzt,0.7753,personalized_feed
2025-12-04T12:27:50.390060,20011839759,Video 12: Olaqzsc Dsrhqqxt Ditt,0.6192,personalized_feed
2025-12-04T12:27:50.390128,20011839759,Video 15: Qpfn Tabvqd Gfmd,0.6183,personalized_feed
2025-12-04T12:27:50.390191,20011839759,Video 67: Hltjb Hknhesi Trbxyja,0.6182,personalized_feed
2025-12-04T12:27:50.390251,20011839759,Video 50: Syvz Awbtgm Qpme,0.618,personalized_feed
2025-12-04T12:27:50.390418,20011839759,Video 21: Rddilws Oidx Uyjlne,0.6175,personalized_feed
2025-12-04T12:27:50.390489,20011839759,Video 80: Htknwv Hmuozm Zqftls,0.6172,personalized_feed
2025-12-04T12:27:50.390553,20011839759,Video 72: Koot Yylwmvnf Sukada,0.6165,personalized_feed
2025-12-04T12:27:50.390617,20011839759,Video 91: Mdvar Zoxqiq Lqkrahr,0.6164,personalized_feed
2025-12-04T12:27:50.390686,20011839759,Video 86: Zvwgjuto Zuga Kjeen,0.6161,personalized_feed
2025-12-04T12:27:50.390748,20011839759,Video 57: Eyges Fqysqrb Hlerzt,0.6147,personalized_feed
2025-12-04T12:27:50.390844,20011939573,Video 12: Olaqzsc Dsrhqqxt Ditt,0.8559,personalized_feed
2025-12-04T12:27:50.391168,20011939573,Video 15: Qpfn Tabvqd Gfmd,0.8549,personalized_feed
2025-12-04T12:27:50.391307,20011939573,Video 67: Hltjb Hknhesi Trbxyja,0.8547,personalized_feed
2025-12-04T12:27:50.391428,20011939573,Video 50: Syvz Awbtgm Qpme,0.8546,personalized_feed
2025-12-04T12:27:50.391536,20011939573,Video 21: Rddilws Oidx Uyjlne,0.854,personalized_feed
2025-12-04T12:27:50.392092,20011939573,Video 80: Htknwv Hmuozm Zqftls,0.8536,personalized_feed
2025-12-04T12:27:50.392257,20011939573,Video 72: Koot Yylwmvnf Sukada,0.8528,personalized_feed
2025-12-04T12:27:50.392355,20011939573,Video 91: Mdvar Zoxqiq Lqkrahr,0.8527,personalized_feed
2025-12-04T12:27:50.392424,20011939573,Video 86: Zvwgjuto Zuga Kjeen,0.8523,personalized_feed
2025-12-04T12:27:50.392489,20011939573,Video 57: Eyges Fqysqrb Hlerzt,0.8507,personalized_feed
2025-12-04T12:27:50.392596,20011940989,Video 12: Olaqzsc Dsrhqqxt Ditt,0.258,personalized_feed
2025-12-04T12:27:50.392672,20011940989,Video 15: Qpfn Tabvqd Gfmd,0.2575,personalized_feed
2025-12-04T12:27:50.392736,20011940989,Video 67: Hltjb Hknhesi Trbxyja,0.2575,personalized_feed
2025-12-04T12:27:50.392797,20011940989,Video 50: Syvz Awbtgm Qpme,0.2574,personalized_feed
2025-12-04T12:27:50.392859,20011940989,Video 21: Rddilws Oidx Uyjlne,0.2571,personalized_feed
2025-12-04T12:27:50.392919,20011940989,Video 80: Htknwv Hmuozm Zqftls,0.257,personalized_feed
2025-12-04T12:27:50.392992,20011940989,Video 72: Koot Yylwmvnf Sukada,0.2566,personalized_feed
2025-12-04T12:27:50.393059,20011940989,Video 91: Mdvar Zoxqiq Lqkrahr,0.2566,personalized_feed
2025-12-04T12:27:50.393121,20011940989,Video 86: Zvwgjuto Zuga Kjeen,0.2564,personalized_feed
2025-12-04T12:27:50.393182,20011940989,Video 57: Eyges Fqysqrb Hlerzt,0.2557,personalized_feed
2025-12-04T12:27:50.393272,20011941146,Video 12: Olaqzsc Dsrhqqxt Ditt,0.8958,personalized_feed
2025-12-04T12:27:50.393340,20011941146,Video 15: Qpfn Tabvqd Gfmd,0.895,personalized_feed
2025-12-04T12:27:50.393403,20011941146,Video 67: Hltjb Hknhesi Trbxyja,0.8949,personalized_feed
2025-12-04T12:27:50.393472,20011941146,Video 50: Syvz Awbtgm Qpme,0.8947,personalized_feed
2025-12-04T12:27:50.393534,20011941146,Video 21: Rddilws Oidx Uyjlne,0.8942,personalized_feed
2025-12-04T12:27:50.393594,20011941146,Video 80: Htknwv Hmuozm Zqftls,0.8938,personalized_feed
2025-12-04T12:27:50.393654,20011941146,Video 72: Koot Yylwmvnf Sukada,0.8932,personalized_feed
2025-12-04T12:27:50.393714,20011941146,Video 91: Mdvar Zoxqiq Lqkrahr,0.8931,personalized_feed
2025-12-04T12:27:50.393774,20011941146,Video 86: Zvwgjuto Zuga Kjeen,0.8928,personalized_feed
2025-12-04T12:27:50.393834,20011941146,Video 57: Eyges Fqysqrb Hlerzt,0.8913,personalized_feed
2025-12-04T12:27:50.393918,20011941237,Video 12: Olaqzsc Dsrhqqxt Ditt,0.6678,personalized_feed
2025-12-04T12:27:50.393993,20011941237,Video 15: Qpfn Tabvqd Gfmd,0.667,personalized_feed
2025-12-04T12:27:50.394055,20011941237,Video 67: Hltjb Hknhesi Trbxyja,0.6668,personalized_feed
2025-12-04T12:27:50.394116,20011941237,Video 50: Syvz Awbtgm Qpme,0.6667,personalized_feed
2025-12-04T12:27:50.394175,20011941237,Video 21: Rddilws Oidx Uyjlne,0.6662,personalized_feed
2025-12-04T12:27:50.394235,20011941237,Video 80: Htknwv Hmuozm Zqftls,0.6658,personalized_feed
2025-12-04T12:27:50.394295,20011941237,Video 72: Koot Yylwmvnf Sukada,0.6652,personalized_feed
2025-12-04T12:27:50.394354,20011941237,Video 91: Mdvar Zoxqiq Lqkrahr,0.6651,personalized_feed
2025-12-04T12:27:50.394414,20011941237,Video 86: Zvwgjuto Zuga Kjeen,0.6647,personalized_feed
2025-12-04T12:27:50.394476,20011941237,Video 57: Eyges Fqysqrb Hlerzt,0.6633,personalized_feed
2025-12-04T12:27:50.394556,20011941255,Video 12: Olaqzsc Dsrhqqxt Ditt,0.6242,personalized_feed
2025-12-04T12:27:50.394622,20011941255,Video 15: Qpfn Tabvqd Gfmd,0.6233,personalized_feed
2025-12-04T12:27:50.394684,20011941255,Video 67: Hltjb Hknhesi Trbxyja,0.6232,personalized_feed
2025-12-04T12:27:50.394774,20011941255,Video 50: Syvz Awbtgm Qpme,0.623,personalized_feed
2025-12-04T12:27:50.395002,20011941255,Video 21: Rddilws Oidx Uyjlne,0.6225,personalized_feed
2025-12-04T12:27:50.395193,20011941255,Video 80: Htknwv Hmuozm Zqftls,0.6222,personalized_feed
2025-12-04T12:27:50.395321,20011941255,Video 72: Koot Yylwmvnf Sukada,0.6215,personalized_feed
2025-12-04T12:27:50.395436,20011941255,Video 91: Mdvar Zoxqiq Lqkrahr,0.6214,personalized_feed
2025-12-04T12:27:50.395551,20011941255,Video 86: Zvwgjuto Zuga Kjeen,0.621,personalized_feed
2025-12-04T12:27:50.395678,20011941255,Video 57: Eyges Fqysqrb Hlerzt,0.6196,personalized_feed
2025-12-04T12:27:50.395791,20011941258,Video 32: Feeprupz Rrqrir Knrcccp,0.999,personalized_feed
2025-12-04T12:27:50.395864,20011941258,Video 22: Hfjoxqh Jcre Pstj,0.999,personalized_feed
2025-12-04T12:27:50.395939,20011941258,Video 33: Fqvysh Gjghtff Xxbf,0.999,personalized_feed
2025-12-04T12:27:50.396013,20011941258,Video 77: Ahpwjea Qotsu Siruc,0.999,personalized_feed
2025-12-04T12:27:50.396150,20011941258,Video 49: Zqqhtmg Midgdu Zsipyycl,0.999,personalized_feed
2025-12-04T12:27:50.396284,20011941258,Video 73: Cqocbv Jdiqzaje Zkvyf,0.999,personalized_feed
2025-12-04T12:27:50.396464,20011941258,Video 57: Eyges Fqysqrb Hlerzt,0.999,personalized_feed
2025-12-04T12:27:50.396645,20011941258,Video 34: Zyclpvcg Xdauml Nwguc,0.999,personalized_feed
2025-12-04T12:27:50.396748,20011941258,Video 28: Bzmvqiuv Grlaxi Pcoh,0.999,personalized_feed
2025-12-04T12:27:50.396883,20011941258,Video 2: Sahafdsu Ozhujbk Mdrlqsh,0.999,personalized_feed
2025-12-04T12:27:50.397172,20011941261,Video 32: Feeprupz Rrqrir Knrcccp,0.999,personalized_feed
2025-12-04T12:27:50.397264,20011941261,Video 22: Hfjoxqh Jcre Pstj,0.999,personalized_feed
2025-12-04T12:27:50.397335,20011941261,Video 33: Fqvysh Gjghtff Xxbf,0.999,personalized_feed
2025-12-04T12:27:50.397401,20011941261,Video 77: Ahpwjea Qotsu Siruc,0.999,personalized_feed
2025-12-04T12:27:50.397465,20011941261,Video 49: Zqqhtmg Midgdu Zsipyycl,0.999,personalized_feed
2025-12-04T12:27:50.397528,20011941261,Video 73: Cqocbv Jdiqzaje Zkvyf,0.999,personalized_feed
2025-12-04T12:27:50.397599,20011941261,Video 57: Eyges Fqysqrb Hlerzt,0.999,personalized_feed
2025-12-04T12:27:50.397661,20011941261,Video 34: Zyclpvcg Xdauml Nwguc,0.999,personalized_feed
2025-12-04T12:27:50.397723,20011941261,Video 28: Bzmvqiuv Grlaxi Pcoh,0.999,personalized_feed
2025-12-04T12:27:50.397784,20011941261,Video 2: Sahafdsu Ozhujbk Mdrlqsh,0.999,personalized_feed
2025-12-04T12:27:50.397877,20011941284,Video 12: Olaqzsc Dsrhqqxt Ditt,0.8638,personalized_feed
2025-12-04T12:27:50.397946,20011941284,Video 15: Qpfn Tabvqd Gfmd,0.8628,personalized_feed
2025-12-04T12:27:50.398010,20011941284,Video 67: Hltjb Hknhesi Trbxyja,0.8627,personalized_feed
2025-12-04T12:27:50.398072,20011941284,Video 50: Syvz Awbtgm Qpme,0.8625,personalized_feed
2025-12-04T12:27:50.398369,20011941284,Video 21: Rddilws Oidx Uyjlne,0.8619,personalized_feed
2025-12-04T12:27:50.398576,20011941284,Video 80: Htknwv Hmuozm Zqftls,0.8615,personalized_feed
2025-12-04T12:27:50.398678,20011941284,Video 72: Koot Yylwmvnf Sukada,0.8608,personalized_feed
2025-12-04T12:27:50.398798,20011941284,Video 91: Mdvar Zoxqiq Lqkrahr,0.8607,personalized_feed
2025-12-04T12:27:50.398978,20011941284,Video 86: Zvwgjuto Zuga Kjeen,0.8603,personalized_feed
2025-12-04T12:27:50.399176,20011941284,Video 57: Eyges Fqysqrb Hlerzt,0.8587,personalized_feed
2025-12-04T12:27:50.399483,20011941287,Video 12: Olaqzsc Dsrhqqxt Ditt,0.2905,personalized_feed
2025-12-04T12:27:50.399694,20011941287,Video 15: Qpfn Tabvqd Gfmd,0.2901,personalized_feed
2025-12-04T12:27:50.399852,20011941287,Video 67: Hltjb Hknhesi Trbxyja,0.2901,personalized_feed
2025-12-04T12:27:50.399956,20011941287,Video 50: Syvz Awbtgm Qpme,0.29,personalized_feed
2025-12-04T12:27:50.400030,20011941287,Video 21: Rddilws Oidx Uyjlne,0.2898,personalized_feed
2025-12-04T12:27:50.400097,20011941287,Video 80: Htknwv Hmuozm Zqftls,0.2897,personalized_feed
2025-12-04T12:27:50.400161,20011941287,Video 72: Koot Yylwmvnf Sukada,0.2894,personalized_feed
2025-12-04T12:27:50.400223,20011941287,Video 91: Mdvar Zoxqiq Lqkrahr,0.2894,personalized_feed
2025-12-04T12:27:50.400285,20011941287,Video 86: Zvwgjuto Zuga Kjeen,0.2892,personalized_feed
2025-12-04T12:27:50.400347,20011941287,Video 57: Eyges Fqysqrb Hlerzt,0.2887,personalized_feed
2025-12-04T12:27:50.400444,20011941288,Video 12: Olaqzsc Dsrhqqxt Ditt,0.9363,personalized_feed
2025-12-04T12:27:50.400513,20011941288,Video 15: Qpfn Tabvqd Gfmd,0.9356,personalized_feed
2025-12-04T12:27:50.400574,20011941288,Video 67: Hltjb Hknhesi Trbxyja,0.9355,personalized_feed
2025-12-04T12:27:50.400635,20011941288,Video 50: Syvz Awbtgm Qpme,0.9354,personalized_feed
2025-12-04T12:27:50.400695,20011941288,Video 21: Rddilws Oidx Uyjlne,0.935,personalized_feed
2025-12-04T12:27:50.400755,20011941288,Video 80: Htknwv Hmuozm Zqftls,0.9347,personalized_feed
2025-12-04T12:27:50.400815,20011941288,Video 72: Koot Yylwmvnf Sukada,0.9342,personalized_feed
2025-12-04T12:27:50.400876,20011941288,Video 91: Mdvar Zoxqiq Lqkrahr,0.9341,personalized_feed
2025-12-04T12:27:50.400936,20011941288,Video 86: Zvwgjuto Zuga Kjeen,0.9338,personalized_feed
2025-12-04T12:27:50.400997,20011941288,Video 57: Eyges Fqysqrb Hlerzt,0.9327,personalized_feed
2025-12-04T12:27:50.401079,20011941293,Video 12: Olaqzsc Dsrhqqxt Ditt,0.8473,personalized_feed
2025-12-04T12:27:50.401145,20011941293,Video 15: Qpfn Tabvqd Gfmd,0.8463,personalized_feed
2025-12-04T12:27:50.401206,20011941293,Video 67: Hltjb Hknhesi Trbxyja,0.8461,personalized_feed
2025-12-04T12:27:50.401268,20011941293,Video 50: Syvz Awbtgm Qpme,0.8459,personalized_feed
2025-12-04T12:27:50.401330,20011941293,Video 21: Rddilws Oidx Uyjlne,0.8453,personalized_feed
2025-12-04T12:27:50.401390,20011941293,Video 80: Htknwv Hmuozm Zqftls,0.8449,personalized_feed
2025-12-04T12:27:50.401450,20011941293,Video 72: Koot Yylwmvnf Sukada,0.8441,personalized_feed
2025-12-04T12:27:50.401510,20011941293,Video 91: Mdvar Zoxqiq Lqkrahr,0.844,personalized_feed
2025-12-04T12:27:50.401570,20011941293,Video 86: Zvwgjuto Zuga Kjeen,0.8436,personalized_feed
2025-12-04T12:27:50.401630,20011941293,Video 57: Eyges Fqysqrb Hlerzt,0.8419,personalized_feed
2025-12-04T12:27:50.401709,20011941302,Video 12: Olaqzsc Dsrhqqxt Ditt,0.6118,personalized_feed
2025-12-04T12:27:50.401775,20011941302,Video 15: Qpfn Tabvqd Gfmd,0.611,personalized_feed
2025-12-04T12:27:50.401838,20011941302,Video 67: Hltjb Hknhesi Trbxyja,0.6108,personalized_feed
2025-12-04T12:27:50.401898,20011941302,Video 50: Syvz Awbtgm Qpme,0.6107,personalized_feed
2025-12-04T12:27:50.401960,20011941302,Video 21: Rddilws Oidx Uyjlne,0.6102,personalized_feed
2025-12-04T12:27:50.402019,20011941302,Video 80: Htknwv Hmuozm Zqftls,0.6098,personalized_feed
2025-12-04T12:27:50.402116,20011941302,Video 72: Koot Yylwmvnf Sukada,0.6092,personalized_feed
2025-12-04T12:27:50.402276,20011941302,Video 91: Mdvar Zoxqiq Lqkrahr,0.6091,personalized_feed
2025-12-04T12:27:50.402400,20011941302,Video 86: Zvwgjuto Zuga Kjeen,0.6087,personalized_feed
2025-12-04T12:27:50.402490,20011941302,Video 57: Eyges Fqysqrb Hlerzt,0.6073,personalized_feed
2025-12-04T12:27:50.402624,20011941318,Video 12: Olaqzsc Dsrhqqxt Ditt,0.7814,personalized_feed
2025-12-04T12:27:50.402701,20011941318,Video 15: Qpfn Tabvqd Gfmd,0.7802,personalized_feed
2025-12-04T12:27:50.402768,20011941318,Video 67: Hltjb Hknhesi Trbxyja,0.78,personalized_feed
2025-12-04T12:27:50.402833,20011941318,Video 50: Syvz Awbtgm Qpme,0.7798,personalized_feed
2025-12-04T12:27:50.402896,20011941318,Video 21: Rddilws Oidx Uyjlne,0.7792,personalized_feed
2025-12-04T12:27:50.402957,20011941318,Video 80: Htknwv Hmuozm Zqftls,0.7787,personalized_feed
2025-12-04T12:27:50.403018,20011941318,Video 72: Koot Yylwmvnf Sukada,0.7778,personalized_feed
2025-12-04T12:27:50.403079,20011941318,Video 91: Mdvar Zoxqiq Lqkrahr,0.7777,personalized_feed
2025-12-04T12:27:50.403152,20011941318,Video 86: Zvwgjuto Zuga Kjeen,0.7772,personalized_feed
2025-12-04T12:27:50.403236,20011941318,Video 57: Eyges Fqysqrb Hlerzt,0.7753,personalized_feed
2025-12-04T12:27:50.403382,20011941421,Video 32: Feeprupz Rrqrir Knrcccp,0.999,personalized_feed
2025-12-04T12:27:50.403486,20011941421,Video 22: Hfjoxqh Jcre Pstj,0.999,personalized_feed
2025-12-04T12:27:50.403554,20011941421,Video 33: Fqvysh Gjghtff Xxbf,0.999,personalized_feed
2025-12-04T12:27:50.403617,20011941421,Video 77: Ahpwjea Qotsu Siruc,0.999,personalized_feed
2025-12-04T12:27:50.403687,20011941421,Video 49: Zqqhtmg Midgdu Zsipyycl,0.999,personalized_feed
2025-12-04T12:27:50.403943,20011941421,Video 73: Cqocbv Jdiqzaje Zkvyf,0.999,personalized_feed
2025-12-04T12:27:50.404146,20011941421,Video 57: Eyges Fqysqrb Hlerzt,0.999,personalized_feed
2025-12-04T12:27:50.404246,20011941421,Video 34: Zyclpvcg Xdauml Nwguc,0.999,personalized_feed
2025-12-04T12:27:50.404321,20011941421,Video 28: Bzmvqiuv Grlaxi Pcoh,0.999,personalized_feed
2025-12-04T12:27:50.404388,20011941421,Video 2: Sahafdsu Ozhujbk Mdrlqsh,0.999,personalized_feed
2025-12-04T12:27:50.404492,20011941556,Video 12: Olaqzsc Dsrhqqxt Ditt,0.761,personalized_feed
2025-12-04T12:27:50.404561,20011941556,Video 15: Qpfn Tabvqd Gfmd,0.7599,personalized_feed
2025-12-04T12:27:50.404625,20011941556,Video 67: Hltjb Hknhesi Trbxyja,0.7597,personalized_feed
2025-12-04T12:27:50.404687,20011941556,Video 50: Syvz Awbtgm Qpme,0.7595,personalized_feed
2025-12-04T12:27:50.404748,20011941556,Video 21: Rddilws Oidx Uyjlne,0.7588,personalized_feed
2025-12-04T12:27:50.404809,20011941556,Video 80: Htknwv Hmuozm Zqftls,0.7584,personalized_feed
2025-12-04T12:27:50.404870,20011941556,Video 72: Koot Yylwmvnf Sukada,0.7575,personalized_feed
2025-12-04T12:27:50.404930,20011941556,Video 91: Mdvar Zoxqiq Lqkrahr,0.7574,personalized_feed
2025-12-04T12:27:50.404992,20011941556,Video 86: Zvwgjuto Zuga Kjeen,0.7569,personalized_feed
2025-12-04T12:27:50.405053,20011941556,Video 57: Eyges Fqysqrb Hlerzt,0.7551,personalized_feed
2025-12-04T12:27:50.405136,20011941720,Video 12: Olaqzsc Dsrhqqxt Ditt,0.9963,personalized_feed
2025-12-04T12:27:50.405202,20011941720,Video 15: Qpfn Tabvqd Gfmd,0.9961,personalized_feed
2025-12-04T12:27:50.405269,20011941720,Video 67: Hltjb Hknhesi Trbxyja,0.9961,personalized_feed
2025-12-04T12:27:50.405336,20011941720,Video 50: Syvz Awbtgm Qpme,0.9961,personalized_feed
2025-12-04T12:27:50.405397,20011941720,Video 21: Rddilws Oidx Uyjlne,0.996,personalized_feed
2025-12-04T12:27:50.405457,20011941720,Video 80: Htknwv Hmuozm Zqftls,0.9959,personalized_feed
2025-12-04T12:27:50.405517,20011941720,Video 72: Koot Yylwmvnf Sukada,0.9958,personalized_feed
2025-12-04T12:27:50.405576,20011941720,Video 91: Mdvar Zoxqiq Lqkrahr,0.9958,personalized_feed
2025-12-04T12:27:50.405636,20011941720,Video 86: Zvwgjuto Zuga Kjeen,0.9957,personalized_feed
2025-12-04T12:27:50.405695,20011941720,Video 57: Eyges Fqysqrb Hlerzt,0.9954,personalized_feed
2025-12-04T12:27:50.405784,20011941949,Video 12: Olaqzsc Dsrhqqxt Ditt,0.8778,personalized_feed
2025-12-04T12:27:50.405850,20011941949,Video 15: Qpfn Tabvqd Gfmd,0.8769,personalized_feed
2025-12-04T12:27:50.405910,20011941949,Video 67: Hltjb Hknhesi Trbxyja,0.8767,personalized_feed
2025-12-04T12:27:50.405971,20011941949,Video 50: Syvz Awbtgm Qpme,0.8766,personalized_feed
2025-12-04T12:27:50.406031,20011941949,Video 21: Rddilws Oidx Uyjlne,0.876,personalized_feed
2025-12-04T12:27:50.406091,20011941949,Video 80: Htknwv Hmuozm Zqftls,0.8756,personalized_feed
2025-12-04T12:27:50.406151,20011941949,Video 72: Koot Yylwmvnf Sukada,0.8749,personalized_feed
2025-12-04T12:27:50.406212,20011941949,Video 91: Mdvar Zoxqiq Lqkrahr,0.8748,personalized_feed
2025-12-04T12:27:50.406281,20011941949,Video 86: Zvwgjuto Zuga Kjeen,0.8745,personalized_feed
2025-12-04T12:27:50.406342,20011941949,Video 57: Eyges Fqysqrb Hlerzt,0.8729,personalized_feed
2025-12-04T12:27:50.406436,20011942159,Video 12: Olaqzsc Dsrhqqxt Ditt,0.7263,personalized_feed
2025-12-04T12:27:50.406523,20011942159,Video 15: Qpfn Tabvqd Gfmd,0.7252,personalized_feed
2025-12-04T12:27:50.406586,20011942159,Video 67: Hltjb Hknhesi Trbxyja,0.725,personalized_feed
2025-12-04T12:27:50.406646,20011942159,Video 50: Syvz Awbtgm Qpme,0.7248,personalized_feed
2025-12-04T12:27:50.406765,20011942159,Video 21: Rddilws Oidx Uyjlne,0.7242,personalized_feed
2025-12-04T12:27:50.406860,20011942159,Video 80: Htknwv Hmuozm Zqftls,0.7237,personalized_feed
2025-12-04T12:27:50.407006,20011942159,Video 72: Koot Yylwmvnf Sukada,0.7229,personalized_feed
2025-12-04T12:27:50.407083,20011942159,Video 91: Mdvar Zoxqiq Lqkrahr,0.7228,personalized_feed
2025-12-04T12:27:50.407148,20011942159,Video 86: Zvwgjuto Zuga Kjeen,0.7223,personalized_feed
2025-12-04T12:27:50.407212,20011942159,Video 57: Eyges Fqysqrb Hlerzt,0.7205,personalized_feed
2025-12-04T12:27:50.407310,20011942749,Video 12: Olaqzsc Dsrhqqxt Ditt,0.035,personalized_feed
2025-12-04T12:27:50.407392,20011942749,Video 15: Qpfn Tabvqd Gfmd,0.035,personalized_feed
2025-12-04T12:27:50.407459,20011942749,Video 67: Hltjb Hknhesi Trbxyja,0.035,personalized_feed
2025-12-04T12:27:50.407520,20011942749,Video 50: Syvz Awbtgm Qpme,0.035,personalized_feed
2025-12-04T12:27:50.407582,20011942749,Video 21: Rddilws Oidx Uyjlne,0.035,personalized_feed
2025-12-04T12:27:50.407642,20011942749,Video 80: Htknwv Hmuozm Zqftls,0.0349,personalized_feed
2025-12-04T12:27:50.407750,20011942749,Video 72: Koot Yylwmvnf Sukada,0.0349,personalized_feed
2025-12-04T12:27:50.407911,20011942749,Video 91: Mdvar Zoxqiq Lqkrahr,0.0349,personalized_feed
2025-12-04T12:27:50.408005,20011942749,Video 86: Zvwgjuto Zuga Kjeen,0.0349,personalized_feed
2025-12-04T12:27:50.408085,20011942749,Video 57: Eyges Fqysqrb Hlerzt,0.0348,personalized_feed
2025-12-04T12:27:50.408198,20011943563,Video 12: Olaqzsc Dsrhqqxt Ditt,0.9439,personalized_feed
2025-12-04T12:27:50.408278,20011943563,Video 15: Qpfn Tabvqd Gfmd,0.9433,personalized_feed
2025-12-04T12:27:50.408345,20011943563,Video 67: Hltjb Hknhesi Trbxyja,0.9432,personalized_feed
2025-12-04T12:27:50.408406,20011943563,Video 50: Syvz Awbtgm Qpme,0.943,personalized_feed
2025-12-04T12:27:50.408467,20011943563,Video 21: Rddilws Oidx Uyjlne,0.9427,personalized_feed
2025-12-04T12:27:50.408527,20011943563,Video 80: Htknwv Hmuozm Zqftls,0.9424,personalized_feed
2025-12-04T12:27:50.408587,20011943563,Video 72: Koot Yylwmvnf Sukada,0.9419,personalized_feed
2025-12-04T12:27:50.408647,20011943563,Video 91: Mdvar Zoxqiq Lqkrahr,0.9419,personalized_feed
2025-12-04T12:27:50.408708,20011943563,Video 86: Zvwgjuto Zuga Kjeen,0.9416,personalized_feed
2025-12-04T12:27:50.408768,20011943563,Video 57: Eyges Fqysqrb Hlerzt,0.9405,personalized_feed
2025-12-04T12:27:50.408849,20011945756,Video 12: Olaqzsc Dsrhqqxt Ditt,0.6441,personalized_feed
2025-12-04T12:27:50.408915,20011945756,Video 15: Qpfn Tabvqd Gfmd,0.6432,personalized_feed
2025-12-04T12:27:50.408976,20011945756,Video 67: Hltjb Hknhesi Trbxyja,0.643,personalized_feed
2025-12-04T12:27:50.409037,20011945756,Video 50: Syvz Awbtgm Qpme,0.6429,personalized_feed
2025-12-04T12:27:50.409106,20011945756,Video 21: Rddilws Oidx Uyjlne,0.6424,personalized_feed
2025-12-04T12:27:50.409172,20011945756,Video 80: Htknwv Hmuozm Zqftls,0.642,personalized_feed
2025-12-04T12:27:50.409233,20011945756,Video 72: Koot Yylwmvnf Sukada,0.6413,personalized_feed
2025-12-04T12:27:50.409294,20011945756,Video 91: Mdvar Zoxqiq Lqkrahr,0.6413,personalized_feed
2025-12-04T12:27:50.409463,20011945756,Video 86: Zvwgjuto Zuga Kjeen,0.6409,personalized_feed
2025-12-04T12:27:50.409595,20011945756,Video 57: Eyges Fqysqrb Hlerzt,0.6395,personalized_feed
2025-12-04T12:27:50.409693,20011946364,Video 12: Olaqzsc Dsrhqqxt Ditt,0.9389,personalized_feed
2025-12-04T12:27:50.409763,20011946364,Video 15: Qpfn Tabvqd Gfmd,0.9383,personalized_feed
2025-12-04T12:27:50.409824,20011946364,Video 67: Hltjb Hknhesi Trbxyja,0.9382,personalized_feed
2025-12-04T12:27:50.409884,20011946364,Video 50: Syvz Awbtgm Qpme,0.9381,personalized_feed
2025-12-04T12:27:50.409945,20011946364,Video 21: Rddilws Oidx Uyjlne,0.9377,personalized_feed
2025-12-04T12:27:50.410005,20011946364,Video 80: Htknwv Hmuozm Zqftls,0.9374,personalized_feed
2025-12-04T12:27:50.410066,20011946364,Video 72: Koot Yylwmvnf Sukada,0.9369,personalized_feed
2025-12-04T12:27:50.410126,20011946364,Video 91: Mdvar Zoxqiq Lqkrahr,0.9368,personalized_feed
2025-12-04T12:27:50.410193,20011946364,Video 86: Zvwgjuto Zuga Kjeen,0.9365,personalized_feed
2025-12-04T12:27:50.410256,20011946364,Video 57: Eyges Fqysqrb Hlerzt,0.9354,personalized_feed
2025-12-04T12:27:50.410339,20011952248,Video 100: Mjvsp Yspuv Qrsn,0.0,personalized_feed
2025-12-04T12:27:50.410404,20011952248,Video 37: Twwa Gponb Fbtuhguv,0.0,personalized_feed
2025-12-04T12:27:50.410467,20011952248,Video 27: Bxjescvc Wayado Cfkxhp,0.0,personalized_feed
2025-12-04T12:27:50.410564,20011952248,Video 28: Bzmvqiuv Grlaxi Pcoh,0.0,personalized_feed
2025-12-04T12:27:50.410633,20011952248,Video 29: Qxhh Liticp Gxlnqev,0.0,personalized_feed
2025-12-04T12:27:50.410694,20011952248,Video 30: Uvyrveu Ocxasjp Gnelc,0.0,personalized_feed
2025-12-04T12:27:50.410754,20011952248,Video 31: Aosz Encvtew Ejehvko,0.0,personalized_feed
2025-12-04T12:27:50.410822,20011952248,Video 32: Feeprupz Rrqrir Knrcccp,0.0,personalized_feed
2025-12-04T12:27:50.410883,20011952248,Video 33: Fqvysh Gjghtff Xxbf,0.0,personalized_feed
2025-12-04T12:27:50.410980,20011952248,Video 34: Zyclpvcg Xdauml Nwguc,0.0,personalized_feed
2025-12-04T12:27:50.411117,20011955619,Video 12: Olaqzsc Dsrhqqxt Ditt,0.7758,personalized_feed
2025-12-04T12:27:50.411186,20011955619,Video 15: Qpfn Tabvqd Gfmd,0.7746,personalized_feed
2025-12-04T12:27:50.411376,20011955619,Video 67: Hltjb Hknhesi Trbxyja,0.7744,personalized_feed
2025-12-04T12:27:50.411445,20011955619,Video 50: Syvz Awbtgm Qpme,0.7742,personalized_feed
2025-12-04T12:27:50.411507,20011955619,Video 21: Rddilws Oidx Uyjlne,0.7736,personalized_feed
2025-12-04T12:27:50.411652,20011955619,Video 80: Htknwv Hmuozm Zqftls,0.7731,personalized_feed
2025-12-04T12:27:50.411731,20011955619,Video 72: Koot Yylwmvnf Sukada,0.7722,personalized_feed
2025-12-04T12:27:50.411800,20011955619,Video 91: Mdvar Zoxqiq Lqkrahr,0.7721,personalized_feed
2025-12-04T12:27:50.411865,20011955619,Video 86: Zvwgjuto Zuga Kjeen,0.7716,personalized_feed
2025-12-04T12:27:50.411930,20011955619,Video 57: Eyges Fqysqrb Hlerzt,0.7697,personalized_feed
2025-12-04T12:27:50.412027,20011968675,Video 12: Olaqzsc Dsrhqqxt Ditt,0.7814,personalized_feed
2025-12-04T12:27:50.412095,20011968675,Video 15: Qpfn Tabvqd Gfmd,0.7802,personalized_feed
2025-12-04T12:27:50.412157,20011968675,Video 67: Hltjb Hknhesi Trbxyja,0.78,personalized_feed
2025-12-04T12:27:50.412219,20011968675,Video 50: Syvz Awbtgm Qpme,0.7798,personalized_feed
2025-12-04T12:27:50.412279,20011968675,Video 21: Rddilws Oidx Uyjlne,0.7792,personalized_feed
2025-12-04T12:27:50.412340,20011968675,Video 80: Htknwv Hmuozm Zqftls,0.7787,personalized_feed
2025-12-04T12:27:50.412400,20011968675,Video 72: Koot Yylwmvnf Sukada,0.7778,personalized_feed
2025-12-04T12:27:50.412460,20011968675,Video 91: Mdvar Zoxqiq Lqkrahr,0.7777,personalized_feed
2025-12-04T12:27:50.412521,20011968675,Video 86: Zvwgjuto Zuga Kjeen,0.7772,personalized_feed
2025-12-04T12:27:50.412581,20011968675,Video 57: Eyges Fqysqrb Hlerzt,0.7753,personalized_feed
2025-12-04T12:27:50.412671,20012008188,Video 12: Olaqzsc Dsrhqqxt Ditt,0.7757,personalized_feed
2025-12-04T12:27:50.412738,20012008188,Video 15: Qpfn Tabvqd Gfmd,0.7745,personalized_feed
2025-12-04T12:27:50.412799,20012008188,Video 67: Hltjb Hknhesi Trbxyja,0.7743,personalized_feed
2025-12-04T12:27:50.412859,20012008188,Video 50: Syvz Awbtgm Qpme,0.7741,personalized_feed
2025-12-04T12:27:50.412920,20012008188,Video 21: Rddilws Oidx Uyjlne,0.7734,personalized_feed
2025-12-04T12:27:50.412980,20012008188,Video 80: Htknwv Hmuozm Zqftls,0.7729,personalized_feed
2025-12-04T12:27:50.413040,20012008188,Video 72: Koot Yylwmvnf Sukada,0.7719,personalized_feed
2025-12-04T12:27:50.413100,20012008188,Video 91: Mdvar Zoxqiq Lqkrahr,0.7718,personalized_feed
2025-12-04T12:27:50.413160,20012008188,Video 86: Zvwgjuto Zuga Kjeen,0.7713,personalized_feed
2025-12-04T12:27:50.413219,20012008188,Video 57: Eyges Fqysqrb Hlerzt,0.7694,personalized_feed
2025-12-04T12:27:50.413298,20012072036,Video 12: Olaqzsc Dsrhqqxt Ditt,0.8638,personalized_feed
2025-12-04T12:27:50.413363,20012072036,Video 15: Qpfn Tabvqd Gfmd,0.8628,personalized_feed
2025-12-04T12:27:50.413425,20012072036,Video 67: Hltjb Hknhesi Trbxyja,0.8627,personalized_feed
2025-12-04T12:27:50.413547,20012072036,Video 50: Syvz Awbtgm Qpme,0.8625,personalized_feed
2025-12-04T12:27:50.413626,20012072036,Video 21: Rddilws Oidx Uyjlne,0.8619,personalized_feed
2025-12-04T12:27:50.413688,20012072036,Video 80: Htknwv Hmuozm Zqftls,0.8615,personalized_feed
2025-12-04T12:27:50.413750,20012072036,Video 72: Koot Yylwmvnf Sukada,0.8608,personalized_feed
2025-12-04T12:27:50.413811,20012072036,Video 91: Mdvar Zoxqiq Lqkrahr,0.8607,personalized_feed
2025-12-04T12:27:50.413879,20012072036,Video 86: Zvwgjuto Zuga Kjeen,0.8603,personalized_feed
2025-12-04T12:27:50.413945,20012072036,Video 57: Eyges Fqysqrb Hlerzt,0.8587,personalized_feed
2025-12-04T12:27:50.414033,20012078740,Video 12: Olaqzsc Dsrhqqxt Ditt,0.9098,personalized_feed
2025-12-04T12:27:50.414101,20012078740,Video 15: Qpfn Tabvqd Gfmd,0.909,personalized_feed
2025-12-04T12:27:50.414165,20012078740,Video 67: Hltjb Hknhesi Trbxyja,0.9089,personalized_feed
2025-12-04T12:27:50.414246,20012078740,Video 50: Syvz Awbtgm Qpme,0.9088,personalized_feed
2025-12-04T12:27:50.414313,20012078740,Video 21: Rddilws Oidx Uyjlne,0.9083,personalized_feed
2025-12-04T12:27:50.414374,20012078740,Video 80: Htknwv Hmuozm Zqftls,0.908,personalized_feed
2025-12-04T12:27:50.414435,20012078740,Video 72: Koot Yylwmvnf Sukada,0.9074,personalized_feed
2025-12-04T12:27:50.414496,20012078740,Video 91: Mdvar Zoxqiq Lqkrahr,0.9073,personalized_feed
2025-12-04T12:27:50.414557,20012078740,Video 86: Zvwgjuto Zuga Kjeen,0.9069,personalized_feed
2025-12-04T12:27:50.414618,20012078740,Video 57: Eyges Fqysqrb Hlerzt,0.9056,personalized_feed
2025-12-04T12:27:50.414705,200120915067,Video 100: Mjvsp Yspuv Qrsn,0.0,personalized_feed
2025-12-04T12:27:50.414945,200120915067,Video 37: Twwa Gponb Fbtuhguv,0.0,personalized_feed
2025-12-04T12:27:50.415038,200120915067,Video 27: Bxjescvc Wayado Cfkxhp,0.0,personalized_feed
2025-12-04T12:27:50.415114,200120915067,Video 28: Bzmvqiuv Grlaxi Pcoh,0.0,personalized_feed
2025-12-04T12:27:50.415185,200120915067,Video 29: Qxhh Liticp Gxlnqev,0.0,personalized_feed
2025-12-04T12:27:50.415254,200120915067,Video 30: Uvyrveu Ocxasjp Gnelc,0.0,personalized_feed
2025-12-04T12:27:50.415323,200120915067,Video 31: Aosz Encvtew Ejehvko,0.0,personalized_feed
2025-12-04T12:27:50.415388,200120915067,Video 32: Feeprupz Rrqrir Knrcccp,0.0,personalized_feed
2025-12-04T12:27:50.415449,200120915067,Video 33: Fqvysh Gjghtff Xxbf,0.0,personalized_feed
2025-12-04T12:27:50.415510,200120915067,Video 34: Zyclpvcg Xdauml Nwguc,0.0,personalized_feed
2025-12-04T12:27:50.415668,200121589051,Video 12: Olaqzsc Dsrhqqxt Ditt,0.6492,personalized_feed
2025-12-04T12:27:50.415742,200121589051,Video 15: Qpfn Tabvqd Gfmd,0.6482,personalized_feed
2025-12-04T12:27:50.415805,200121589051,Video 67: Hltjb Hknhesi Trbxyja,0.648,personalized_feed
2025-12-04T12:27:50.415867,200121589051,Video 50: Syvz Awbtgm Qpme,0.6479,personalized_feed
2025-12-04T12:27:50.415928,200121589051,Video 21: Rddilws Oidx Uyjlne,0.6473,personalized_feed
2025-12-04T12:27:50.416016,200121589051,Video 80: Htknwv Hmuozm Zqftls,0.6469,personalized_feed
2025-12-04T12:27:50.416092,200121589051,Video 72: Koot Yylwmvnf Sukada,0.6461,personalized_feed
2025-12-04T12:27:50.416155,200121589051,Video 91: Mdvar Zoxqiq Lqkrahr,0.646,personalized_feed
2025-12-04T12:27:50.416216,200121589051,Video 86: Zvwgjuto Zuga Kjeen,0.6456,personalized_feed
2025-12-04T12:27:50.416277,200121589051,Video 57: Eyges Fqysqrb Hlerzt,0.644,personalized_feed
2025-12-04T12:27:50.416360,200121997676,Video 100: Mjvsp Yspuv Qrsn,0.0,personalized_feed
2025-12-04T12:27:50.416426,200121997676,Video 37: Twwa Gponb Fbtuhguv,0.0,personalized_feed
2025-12-04T12:27:50.416487,200121997676,Video 27: Bxjescvc Wayado Cfkxhp,0.0,personalized_feed
2025-12-04T12:27:50.416547,200121997676,Video 28: Bzmvqiuv Grlaxi Pcoh,0.0,personalized_feed
2025-12-04T12:27:50.416607,200121997676,Video 29: Qxhh Liticp Gxlnqev,0.0,personalized_feed
2025-12-04T12:27:50.416668,200121997676,Video 30: Uvyrveu Ocxasjp Gnelc,0.0,personalized_feed
2025-12-04T12:27:50.416728,200121997676,Video 31: Aosz Encvtew Ejehvko,0.0,personalized_feed
2025-12-04T12:27:50.416787,200121997676,Video 32: Feeprupz Rrqrir Knrcccp,0.0,personalized_feed
2025-12-04T12:27:50.416847,200121997676,Video 33: Fqvysh Gjghtff Xxbf,0.0,personalized_feed
2025-12-04T12:27:50.416907,200121997676,Video 34: Zyclpvcg Xdauml Nwguc,0.0,personalized_feed
2025-12-04T12:27:50.416987,200122255967,Video 12: Olaqzsc Dsrhqqxt Ditt,0.7753,personalized_feed
2025-12-04T12:27:50.417053,200122255967,Video 15: Qpfn Tabvqd Gfmd,0.7741,personalized_feed
2025-12-04T12:27:50.417117,200122255967,Video 67: Hltjb Hknhesi Trbxyja,0.7739,personalized_feed
2025-12-04T12:27:50.417179,200122255967,Video 50: Syvz Awbtgm Qpme,0.7737,personalized_feed
2025-12-04T12:27:50.417240,200122255967,Video 21: Rddilws Oidx Uyjlne,0.773,personalized_feed
2025-12-04T12:27:50.417300,200122255967,Video 80: Htknwv Hmuozm Zqftls,0.7725,personalized_feed
2025-12-04T12:27:50.417360,200122255967,Video 72: Koot Yylwmvnf Sukada,0.7716,personalized_feed
2025-12-04T12:27:50.417419,200122255967,Video 91: Mdvar Zoxqiq Lqkrahr,0.7715,personalized_feed
2025-12-04T12:27:50.417485,200122255967,Video 86: Zvwgjuto Zuga Kjeen,0.771,personalized_feed
2025-12-04T12:27:50.417550,200122255967,Video 57: Eyges Fqysqrb Hlerzt,0.769,personalized_feed
2025-12-04T12:27:50.417629,200122291061,Video 100: Mjvsp Yspuv Qrsn,0.0,personalized_feed
2025-12-04T12:27:50.417694,200122291061,Video 37: Twwa Gponb Fbtuhguv,0.0,personalized_feed
2025-12-04T12:27:50.417756,200122291061,Video 27: Bxjescvc Wayado Cfkxhp,0.0,personalized_feed
2025-12-04T12:27:50.417817,200122291061,Video 28: Bzmvqiuv Grlaxi Pcoh,0.0,personalized_feed
2025-12-04T12:27:50.417877,200122291061,Video 29: Qxhh Liticp Gxlnqev,0.0,personalized_feed
2025-12-04T12:27:50.417937,200122291061,Video 30: Uvyrveu Ocxasjp Gnelc,0.0,personalized_feed
2025-12-04T12:27:50.417996,200122291061,Video 31: Aosz Encvtew Ejehvko,0.0,personalized_feed
2025-12-04T12:27:50.418056,200122291061,Video 32: Feeprupz Rrqrir Knrcccp,0.0,personalized_feed
2025-12-04T12:27:50.418116,200122291061,Video 33: Fqvysh Gjghtff Xxbf,0.0,personalized_feed
2025-12-04T12:27:50.418176,200122291061,Video 34: Zyclpvcg Xdauml Nwguc,0.0,personalized_feed
2025-12-04T12:27:50.418250,200122291111,Video 100: Mjvsp Yspuv Qrsn,0.0,personalized_feed
2025-12-04T12:27:50.418316,200122291111,Video 37: Twwa Gponb Fbtuhguv,0.0,personalized_feed
2025-12-04T12:27:50.418377,200122291111,Video 27: Bxjescvc Wayado Cfkxhp,0.0,personalized_feed
2025-12-04T12:27:50.418437,200122291111,Video 28: Bzmvqiuv Grlaxi Pcoh,0.0,personalized_feed
2025-12-04T12:27:50.418497,200122291111,Video 29: Qxhh Liticp Gxlnqev,0.0,personalized_feed
2025-12-04T12:27:50.418557,200122291111,Video 30: Uvyrveu Ocxasjp Gnelc,0.0,personalized_feed
2025-12-04T12:27:50.418662,200122291111,Video 31: Aosz Encvtew Ejehvko,0.0,personalized_feed
2025-12-04T12:27:50.418724,200122291111,Video 32: Feeprupz Rrqrir Knrcccp,0.0,personalized_feed
2025-12-04T12:27:50.418785,200122291111,Video 33: Fqvysh Gjghtff Xxbf,0.0,personalized_feed
2025-12-04T12:27:50.418846,200122291111,Video 34: Zyclpvcg Xdauml Nwguc,0.0,personalized_feed
2025-12-04T12:27:50.418926,200122297647,Video 100: Mjvsp Yspuv Qrsn,0.0,personalized_feed
2025-12-04T12:27:50.418992,200122297647,Video 37: Twwa Gponb Fbtuhguv,0.0,personalized_feed
2025-12-04T12:27:50.419059,200122297647,Video 27: Bxjescvc Wayado Cfkxhp,0.0,personalized_feed
2025-12-04T12:27:50.419121,200122297647,Video 28: Bzmvqiuv Grlaxi Pcoh,0.0,personalized_feed
2025-12-04T12:27:50.419183,200122297647,Video 29: Qxhh Liticp Gxlnqev,0.0,personalized_feed
2025-12-04T12:27:50.419243,200122297647,Video 30: Uvyrveu Ocxasjp Gnelc,0.0,personalized_feed
2025-12-04T12:27:50.419303,200122297647,Video 31: Aosz Encvtew Ejehvko,0.0,personalized_feed
2025-12-04T12:27:50.419364,200122297647,Video 32: Feeprupz Rrqrir Knrcccp,0.0,personalized_feed
2025-12-04T12:27:50.419423,200122297647,Video 33: Fqvysh Gjghtff Xxbf,0.0,personalized_feed
2025-12-04T12:27:50.419484,200122297647,Video 34: Zyclpvcg Xdauml Nwguc,0.0,personalized_feed
2025-12-04T12:27:50.419564,200122605898,Video 100: Mjvsp Yspuv Qrsn,0.0,personalized_feed
2025-12-04T12:27:50.419630,200122605898,Video 37: Twwa Gponb Fbtuhguv,0.0,personalized_feed
2025-12-04T12:27:50.419692,200122605898,Video 27: Bxjescvc Wayado Cfkxhp,0.0,personalized_feed
2025-12-04T12:27:50.419753,200122605898,Video 28: Bzmvqiuv Grlaxi Pcoh,0.0,personalized_feed
2025-12-04T12:27:50.419813,200122605898,Video 29: Qxhh Liticp Gxlnqev,0.0,personalized_feed
2025-12-04T12:27:50.419873,200122605898,Video 30: Uvyrveu Ocxasjp Gnelc,0.0,personalized_feed
2025-12-04T12:27:50.419933,200122605898,Video 31: Aosz Encvtew Ejehvko,0.0,personalized_feed
2025-12-04T12:27:50.419994,200122605898,Video 32: Feeprupz Rrqrir Knrcccp,0.0,personalized_feed
2025-12-04T12:27:50.420167,200122605898,Video 33: Fqvysh Gjghtff Xxbf,0.0,personalized_feed
2025-12-04T12:27:50.420309,200122605898,Video 34: Zyclpvcg Xdauml Nwguc,0.0,personalized_feed
2025-12-04T12:27:50.420440,200122735034,Video 12: Olaqzsc Dsrhqqxt Ditt,0.7753,personalized_feed
2025-12-04T12:27:50.420520,200122735034,Video 15: Qpfn Tabvqd Gfmd,0.7741,personalized_feed
2025-12-04T12:27:50.420588,200122735034,Video 67: Hltjb Hknhesi Trbxyja,0.7739,personalized_feed
2025-12-04T12:27:50.420653,200122735034,Video 50: Syvz Awbtgm Qpme,0.7737,personalized_feed
2025-12-04T12:27:50.420720,200122735034,Video 21: Rddilws Oidx Uyjlne,0.773,personalized_feed
2025-12-04T12:27:50.420791,200122735034,Video 80: Htknwv Hmuozm Zqftls,0.7725,personalized_feed
2025-12-04T12:27:50.420853,200122735034,Video 72: Koot Yylwmvnf Sukada,0.7716,personalized_feed
2025-12-04T12:27:50.420914,200122735034,Video 91: Mdvar Zoxqiq Lqkrahr,0.7715,personalized_feed
2025-12-04T12:27:50.420979,200122735034,Video 86: Zvwgjuto Zuga Kjeen,0.771,personalized_feed
2025-12-04T12:27:50.421041,200122735034,Video 57: Eyges Fqysqrb Hlerzt,0.769,personalized_feed
2025-12-04T12:27:50.421122,200124073129,Video 12: Olaqzsc Dsrhqqxt Ditt,0.6678,personalized_feed
2025-12-04T12:27:50.421189,200124073129,Video 15: Qpfn Tabvqd Gfmd,0.667,personalized_feed
2025-12-04T12:27:50.421250,200124073129,Video 67: Hltjb Hknhesi Trbxyja,0.6668,personalized_feed
2025-12-04T12:27:50.421311,200124073129,Video 50: Syvz Awbtgm Qpme,0.6667,personalized_feed
2025-12-04T12:27:50.421371,200124073129,Video 21: Rddilws Oidx Uyjlne,0.6662,personalized_feed
2025-12-04T12:27:50.421431,200124073129,Video 80: Htknwv Hmuozm Zqftls,0.6658,personalized_feed
2025-12-04T12:27:50.421491,200124073129,Video 72: Koot Yylwmvnf Sukada,0.6652,personalized_feed
2025-12-04T12:27:50.421551,200124073129,Video 91: Mdvar Zoxqiq Lqkrahr,0.6651,personalized_feed
2025-12-04T12:27:50.421616,200124073129,Video 86: Zvwgjuto Zuga Kjeen,0.6647,personalized_feed
2025-12-04T12:27:50.421678,200124073129,Video 57: Eyges Fqysqrb Hlerzt,0.6633,personalized_feed
2025-12-04T12:27:50.421758,200124074903,Video 12: Olaqzsc Dsrhqqxt Ditt,0.6678,personalized_feed
2025-12-04T12:27:50.421823,200124074903,Video 15: Qpfn Tabvqd Gfmd,0.667,personalized_feed
2025-12-04T12:27:50.421884,200124074903,Video 67: Hltjb Hknhesi Trbxyja,0.6668,personalized_feed
2025-12-04T12:27:50.421945,200124074903,Video 50: Syvz Awbtgm Qpme,0.6667,personalized_feed
2025-12-04T12:27:50.422005,200124074903,Video 21: Rddilws Oidx Uyjlne,0.6662,personalized_feed
2025-12-04T12:27:50.422065,200124074903,Video 80: Htknwv Hmuozm Zqftls,0.6658,personalized_feed
2025-12-04T12:27:50.422125,200124074903,Video 72: Koot Yylwmvnf Sukada,0.6652,personalized_feed
2025-12-04T12:27:50.422186,200124074903,Video 91: Mdvar Zoxqiq Lqkrahr,0.6651,personalized_feed
2025-12-04T12:27:50.422251,200124074903,Video 86: Zvwgjuto Zuga Kjeen,0.6647,personalized_feed
2025-12-04T12:27:50.422311,200124074903,Video 57: Eyges Fqysqrb Hlerzt,0.6633,personalized_feed
2025-12-04T12:27:50.422389,200124105624,Video 12: Olaqzsc Dsrhqqxt Ditt,0.354,personalized_feed
2025-12-04T12:27:50.422454,200124105624,Video 15: Qpfn Tabvqd Gfmd,0.3538,personalized_feed
2025-12-04T12:27:50.422516,200124105624,Video 67: Hltjb Hknhesi Trbxyja,0.3537,personalized_feed
2025-12-04T12:27:50.422637,200124105624,Video 50: Syvz Awbtgm Qpme,0.3537,personalized_feed
2025-12-04T12:27:50.422712,200124105624,Video 21: Rddilws Oidx Uyjlne,0.3535,personalized_feed
2025-12-04T12:27:50.422774,200124105624,Video 80: Htknwv Hmuozm Zqftls,0.3534,personalized_feed
2025-12-04T12:27:50.422835,200124105624,Video 72: Koot Yylwmvnf Sukada,0.3532,personalized_feed
2025-12-04T12:27:50.422896,200124105624,Video 91: Mdvar Zoxqiq Lqkrahr,0.3531,personalized_feed
2025-12-04T12:27:50.422956,200124105624,Video 86: Zvwgjuto Zuga Kjeen,0.353,personalized_feed
2025-12-04T12:27:50.423016,200124105624,Video 57: Eyges Fqysqrb Hlerzt,0.3525,personalized_feed
2025-12-04T12:27:50.423097,200124111028,Video 12: Olaqzsc Dsrhqqxt Ditt,0.354,personalized_feed
2025-12-04T12:27:50.423162,200124111028,Video 15: Qpfn Tabvqd Gfmd,0.3538,personalized_feed
2025-12-04T12:27:50.423222,200124111028,Video 67: Hltjb Hknhesi Trbxyja,0.3537,personalized_feed
2025-12-04T12:27:50.423283,200124111028,Video 50: Syvz Awbtgm Qpme,0.3537,personalized_feed
2025-12-04T12:27:50.423343,200124111028,Video 21: Rddilws Oidx Uyjlne,0.3535,personalized_feed
2025-12-04T12:27:50.423403,200124111028,Video 80: Htknwv Hmuozm Zqftls,0.3534,personalized_feed
2025-12-04T12:27:50.423463,200124111028,Video 72: Koot Yylwmvnf Sukada,0.3532,personalized_feed
2025-12-04T12:27:50.423523,200124111028,Video 91: Mdvar Zoxqiq Lqkrahr,0.3531,personalized_feed
2025-12-04T12:27:50.423582,200124111028,Video 86: Zvwgjuto Zuga Kjeen,0.353,personalized_feed
2025-12-04T12:27:50.423642,200124111028,Video 57: Eyges Fqysqrb Hlerzt,0.3525,personalized_feed
2025-12-04T12:27:50.423719,200124111051,Video 12: Olaqzsc Dsrhqqxt Ditt,0.354,personalized_feed
2025-12-04T12:27:50.423790,200124111051,Video 15: Qpfn Tabvqd Gfmd,0.3538,personalized_feed
2025-12-04T12:27:50.423852,200124111051,Video 67: Hltjb Hknhesi Trbxyja,0.3537,personalized_feed
2025-12-04T12:27:50.423912,200124111051,Video 50: Syvz Awbtgm Qpme,0.3537,personalized_feed
2025-12-04T12:27:50.423972,200124111051,Video 21: Rddilws Oidx Uyjlne,0.3535,personalized_feed
2025-12-04T12:27:50.424032,200124111051,Video 80: Htknwv Hmuozm Zqftls,0.3534,personalized_feed
2025-12-04T12:27:50.424092,200124111051,Video 72: Koot Yylwmvnf Sukada,0.3532,personalized_feed
2025-12-04T12:27:50.424153,200124111051,Video 91: Mdvar Zoxqiq Lqkrahr,0.3531,personalized_feed
2025-12-04T12:27:50.424239,200124111051,Video 86: Zvwgjuto Zuga Kjeen,0.353,personalized_feed
2025-12-04T12:27:50.424302,200124111051,Video 57: Eyges Fqysqrb Hlerzt,0.3525,personalized_feed
2025-12-04T12:27:50.424380,200124136264,Video 12: Olaqzsc Dsrhqqxt Ditt,0.6678,personalized_feed
2025-12-04T12:27:50.424445,200124136264,Video 15: Qpfn Tabvqd Gfmd,0.667,personalized_feed
2025-12-04T12:27:50.424508,200124136264,Video 67: Hltjb Hknhesi Trbxyja,0.6668,personalized_feed
2025-12-04T12:27:50.424568,200124136264,Video 50: Syvz Awbtgm Qpme,0.6667,personalized_feed
2025-12-04T12:27:50.424629,200124136264,Video 21: Rddilws Oidx Uyjlne,0.6662,personalized_feed
2025-12-04T12:27:50.424689,200124136264,Video 80: Htknwv Hmuozm Zqftls,0.6658,personalized_feed
2025-12-04T12:27:50.424748,200124136264,Video 72: Koot Yylwmvnf Sukada,0.6652,personalized_feed
2025-12-04T12:27:50.424807,200124136264,Video 91: Mdvar Zoxqiq Lqkrahr,0.6651,personalized_feed
2025-12-04T12:27:50.424867,200124136264,Video 86: Zvwgjuto Zuga Kjeen,0.6647,personalized_feed
2025-12-04T12:27:50.424927,200124136264,Video 57: Eyges Fqysqrb Hlerzt,0.6633,personalized_feed
2025-12-04T12:27:50.425003,200124136538,Video 12: Olaqzsc Dsrhqqxt Ditt,0.6678,personalized_feed
2025-12-04T12:27:50.425068,200124136538,Video 15: Qpfn Tabvqd Gfmd,0.667,personalized_feed
2025-12-04T12:27:50.425128,200124136538,Video 67: Hltjb Hknhesi Trbxyja,0.6668,personalized_feed
2025-12-04T12:27:50.425188,200124136538,Video 50: Syvz Awbtgm Qpme,0.6667,personalized_feed
2025-12-04T12:27:50.425259,200124136538,Video 21: Rddilws Oidx Uyjlne,0.6662,personalized_feed
2025-12-04T12:27:50.425321,200124136538,Video 80: Htknwv Hmuozm Zqftls,0.6658,personalized_feed
2025-12-04T12:27:50.425382,200124136538,Video 72: Koot Yylwmvnf Sukada,0.6652,personalized_feed
2025-12-04T12:27:50.425509,200124136538,Video 91: Mdvar Zoxqiq Lqkrahr,0.6651,personalized_feed
2025-12-04T12:27:50.425603,200124136538,Video 86: Zvwgjuto Zuga Kjeen,0.6647,personalized_feed
2025-12-04T12:27:50.425683,200124136538,Video 57: Eyges Fqysqrb Hlerzt,0.6633,personalized_feed
2025-12-04T12:27:50.425782,200124148012,Video 12: Olaqzsc Dsrhqqxt Ditt,0.6678,personalized_feed
2025-12-04T12:27:50.425878,200124148012,Video 15: Qpfn Tabvqd Gfmd,0.667,personalized_feed
2025-12-04T12:27:50.426071,200124148012,Video 67: Hltjb Hknhesi Trbxyja,0.6668,personalized_feed
2025-12-04T12:27:50.426172,200124148012,Video 50: Syvz Awbtgm Qpme,0.6667,personalized_feed
2025-12-04T12:27:50.426305,200124148012,Video 21: Rddilws Oidx Uyjlne,0.6662,personalized_feed
2025-12-04T12:27:50.426381,200124148012,Video 80: Htknwv Hmuozm Zqftls,0.6658,personalized_feed
2025-12-04T12:27:50.426448,200124148012,Video 72: Koot Yylwmvnf Sukada,0.6652,personalized_feed
2025-12-04T12:27:50.426511,200124148012,Video 91: Mdvar Zoxqiq Lqkrahr,0.6651,personalized_feed
2025-12-04T12:27:50.426574,200124148012,Video 86: Zvwgjuto Zuga Kjeen,0.6647,personalized_feed
2025-12-04T12:27:50.426635,200124148012,Video 57: Eyges Fqysqrb Hlerzt,0.6633,personalized_feed
2025-12-04T12:27:50.426732,200124160553,Video 12: Olaqzsc Dsrhqqxt Ditt,0.6678,personalized_feed
2025-12-04T12:27:50.426801,200124160553,Video 15: Qpfn Tabvqd Gfmd,0.667,personalized_feed
2025-12-04T12:27:50.426863,200124160553,Video 67: Hltjb Hknhesi Trbxyja,0.6668,personalized_feed
2025-12-04T12:27:50.427007,200124160553,Video 50: Syvz Awbtgm Qpme,0.6667,personalized_feed
2025-12-04T12:27:50.427087,200124160553,Video 21: Rddilws Oidx Uyjlne,0.6662,personalized_feed
2025-12-04T12:27:50.427151,200124160553,Video 80: Htknwv Hmuozm Zqftls,0.6658,personalized_feed
2025-12-04T12:27:50.427213,200124160553,Video 72: Koot Yylwmvnf Sukada,0.6652,personalized_feed
2025-12-04T12:27:50.427389,200124160553,Video 91: Mdvar Zoxqiq Lqkrahr,0.6651,personalized_feed
2025-12-04T12:27:50.427494,200124160553,Video 86: Zvwgjuto Zuga Kjeen,0.6647,personalized_feed
2025-12-04T12:27:50.427565,200124160553,Video 57: Eyges Fqysqrb Hlerzt,0.6633,personalized_feed
2025-12-04T12:27:50.427668,200124163201,Video 32: Feeprupz Rrqrir Knrcccp,0.999,personalized_feed
2025-12-04T12:27:50.427911,200124163201,Video 22: Hfjoxqh Jcre Pstj,0.999,personalized_feed
2025-12-04T12:27:50.427996,200124163201,Video 33: Fqvysh Gjghtff Xxbf,0.999,personalized_feed
2025-12-04T12:27:50.428066,200124163201,Video 77: Ahpwjea Qotsu Siruc,0.999,personalized_feed
2025-12-04T12:27:50.428131,200124163201,Video 49: Zqqhtmg Midgdu Zsipyycl,0.999,personalized_feed
2025-12-04T12:27:50.428194,200124163201,Video 73: Cqocbv Jdiqzaje Zkvyf,0.999,personalized_feed
2025-12-04T12:27:50.428318,200124163201,Video 57: Eyges Fqysqrb Hlerzt,0.999,personalized_feed
2025-12-04T12:27:50.428398,200124163201,Video 34: Zyclpvcg Xdauml Nwguc,0.999,personalized_feed
2025-12-04T12:27:50.428476,200124163201,Video 28: Bzmvqiuv Grlaxi Pcoh,0.999,personalized_feed
2025-12-04T12:27:50.428545,200124163201,Video 2: Sahafdsu Ozhujbk Mdrlqsh,0.999,personalized_feed
2025-12-04T12:27:50.428646,200124167517,Video 12: Olaqzsc Dsrhqqxt Ditt,0.6678,personalized_feed
2025-12-04T12:27:50.428717,200124167517,Video 15: Qpfn Tabvqd Gfmd,0.667,personalized_feed
2025-12-04T12:27:50.428782,200124167517,Video 67: Hltjb Hknhesi Trbxyja,0.6668,personalized_feed
2025-12-04T12:27:50.428872,200124167517,Video 50: Syvz Awbtgm Qpme,0.6667,personalized_feed
2025-12-04T12:27:50.428936,200124167517,Video 21: Rddilws Oidx Uyjlne,0.6662,personalized_feed
2025-12-04T12:27:50.428997,200124167517,Video 80: Htknwv Hmuozm Zqftls,0.6658,personalized_feed
2025-12-04T12:27:50.429059,200124167517,Video 72: Koot Yylwmvnf Sukada,0.6652,personalized_feed
2025-12-04T12:27:50.429119,200124167517,Video 91: Mdvar Zoxqiq Lqkrahr,0.6651,personalized_feed
2025-12-04T12:27:50.429179,200124167517,Video 86: Zvwgjuto Zuga Kjeen,0.6647,personalized_feed
2025-12-04T12:27:50.429240,200124167517,Video 57: Eyges Fqysqrb Hlerzt,0.6633,personalized_feed
2025-12-04T12:27:50.429331,200124252210,Video 32: Feeprupz Rrqrir Knrcccp,0.999,personalized_feed
2025-12-04T12:27:50.429398,200124252210,Video 22: Hfjoxqh Jcre Pstj,0.999,personalized_feed
2025-12-04T12:27:50.429459,200124252210,Video 33: Fqvysh Gjghtff Xxbf,0.999,personalized_feed
2025-12-04T12:27:50.429519,200124252210,Video 77: Ahpwjea Qotsu Siruc,0.999,personalized_feed
2025-12-04T12:27:50.429579,200124252210,Video 49: Zqqhtmg Midgdu Zsipyycl,0.999,personalized_feed
2025-12-04T12:27:50.429639,200124252210,Video 73: Cqocbv Jdiqzaje Zkvyf,0.999,personalized_feed
2025-12-04T12:27:50.429698,200124252210,Video 57: Eyges Fqysqrb Hlerzt,0.999,personalized_feed
2025-12-04T12:27:50.429758,200124252210,Video 34: Zyclpvcg Xdauml Nwguc,0.999,personalized_feed
2025-12-04T12:27:50.429818,200124252210,Video 28: Bzmvqiuv Grlaxi Pcoh,0.999,personalized_feed
2025-12-04T12:27:50.429878,200124252210,Video 2: Sahafdsu Ozhujbk Mdrlqsh,0.999,personalized_feed
2025-12-04T12:27:50.429956,200124324027,Video 12: Olaqzsc Dsrhqqxt Ditt,0.354,personalized_feed
2025-12-04T12:27:50.430021,200124324027,Video 15: Qpfn Tabvqd Gfmd,0.3538,personalized_feed
2025-12-04T12:27:50.430095,200124324027,Video 67: Hltjb Hknhesi Trbxyja,0.3537,personalized_feed
2025-12-04T12:27:50.430168,200124324027,Video 50: Syvz Awbtgm Qpme,0.3537,personalized_feed
2025-12-04T12:27:50.430307,200124324027,Video 21: Rddilws Oidx Uyjlne,0.3535,personalized_feed
2025-12-04T12:27:50.430392,200124324027,Video 80: Htknwv Hmuozm Zqftls,0.3534,personalized_feed
2025-12-04T12:27:50.430523,200124324027,Video 72: Koot Yylwmvnf Sukada,0.3532,personalized_feed
2025-12-04T12:27:50.430605,200124324027,Video 91: Mdvar Zoxqiq Lqkrahr,0.3531,personalized_feed
2025-12-04T12:27:50.430733,200124324027,Video 86: Zvwgjuto Zuga Kjeen,0.353,personalized_feed
2025-12-04T12:27:50.430822,200124324027,Video 57: Eyges Fqysqrb Hlerzt,0.3525,personalized_feed
2025-12-04T12:27:50.430967,200124329455,Video 12: Olaqzsc Dsrhqqxt Ditt,0.6678,personalized_feed
2025-12-04T12:27:50.431045,200124329455,Video 15: Qpfn Tabvqd Gfmd,0.667,personalized_feed
2025-12-04T12:27:50.431121,200124329455,Video 67: Hltjb Hknhesi Trbxyja,0.6668,personalized_feed
2025-12-04T12:27:50.431198,200124329455,Video 50: Syvz Awbtgm Qpme,0.6667,personalized_feed
2025-12-04T12:27:50.431344,200124329455,Video 21: Rddilws Oidx Uyjlne,0.6662,personalized_feed
2025-12-04T12:27:50.431558,200124329455,Video 80: Htknwv Hmuozm Zqftls,0.6658,personalized_feed
2025-12-04T12:27:50.431725,200124329455,Video 72: Koot Yylwmvnf Sukada,0.6652,personalized_feed
2025-12-04T12:27:50.431812,200124329455,Video 91: Mdvar Zoxqiq Lqkrahr,0.6651,personalized_feed
2025-12-04T12:27:50.431884,200124329455,Video 86: Zvwgjuto Zuga Kjeen,0.6647,personalized_feed
2025-12-04T12:27:50.431950,200124329455,Video 57: Eyges Fqysqrb Hlerzt,0.6633,personalized_feed
2025-12-04T12:27:50.432051,200124329489,Video 12: Olaqzsc Dsrhqqxt Ditt,0.6678,personalized_feed
2025-12-04T12:27:50.432122,200124329489,Video 15: Qpfn Tabvqd Gfmd,0.667,personalized_feed
2025-12-04T12:27:50.432211,200124329489,Video 67: Hltjb Hknhesi Trbxyja,0.6668,personalized_feed
2025-12-04T12:27:50.432292,200124329489,Video 50: Syvz Awbtgm Qpme,0.6667,personalized_feed
2025-12-04T12:27:50.432355,200124329489,Video 21: Rddilws Oidx Uyjlne,0.6662,personalized_feed
2025-12-04T12:27:50.432424,200124329489,Video 80: Htknwv Hmuozm Zqftls,0.6658,personalized_feed
2025-12-04T12:27:50.432487,200124329489,Video 72: Koot Yylwmvnf Sukada,0.6652,personalized_feed
2025-12-04T12:27:50.432548,200124329489,Video 91: Mdvar Zoxqiq Lqkrahr,0.6651,personalized_feed
2025-12-04T12:27:50.432613,200124329489,Video 86: Zvwgjuto Zuga Kjeen,0.6647,personalized_feed
2025-12-04T12:27:50.432675,200124329489,Video 57: Eyges Fqysqrb Hlerzt,0.6633,personalized_feed
2025-12-04T12:27:50.432761,200124459138,Video 12: Olaqzsc Dsrhqqxt Ditt,0.6678,personalized_feed
2025-12-04T12:27:50.432829,200124459138,Video 15: Qpfn Tabvqd Gfmd,0.667,personalized_feed
2025-12-04T12:27:50.432891,200124459138,Video 67: Hltjb Hknhesi Trbxyja,0.6668,personalized_feed
2025-12-04T12:27:50.432953,200124459138,Video 50: Syvz Awbtgm Qpme,0.6667,personalized_feed
2025-12-04T12:27:50.433015,200124459138,Video 21: Rddilws Oidx Uyjlne,0.6662,personalized_feed
2025-12-04T12:27:50.433075,200124459138,Video 80: Htknwv Hmuozm Zqftls,0.6658,personalized_feed
2025-12-04T12:27:50.433140,200124459138,Video 72: Koot Yylwmvnf Sukada,0.6652,personalized_feed
2025-12-04T12:27:50.433201,200124459138,Video 91: Mdvar Zoxqiq Lqkrahr,0.6651,personalized_feed
2025-12-04T12:27:50.433262,200124459138,Video 86: Zvwgjuto Zuga Kjeen,0.6647,personalized_feed
2025-12-04T12:27:50.433321,200124459138,Video 57: Eyges Fqysqrb Hlerzt,0.6633,personalized_feed
2025-12-04T12:27:50.433401,200124471620,Video 12: Olaqzsc Dsrhqqxt Ditt,0.354,personalized_feed
2025-12-04T12:27:50.433466,200124471620,Video 15: Qpfn Tabvqd Gfmd,0.3538,personalized_feed
2025-12-04T12:27:50.433528,200124471620,Video 67: Hltjb Hknhesi Trbxyja,0.3537,personalized_feed
2025-12-04T12:27:50.433588,200124471620,Video 50: Syvz Awbtgm Qpme,0.3537,personalized_feed
2025-12-04T12:27:50.433648,200124471620,Video 21: Rddilws Oidx Uyjlne,0.3535,personalized_feed
2025-12-04T12:27:50.433708,200124471620,Video 80: Htknwv Hmuozm Zqftls,0.3534,personalized_feed
2025-12-04T12:27:50.433767,200124471620,Video 72: Koot Yylwmvnf Sukada,0.3532,personalized_feed
2025-12-04T12:27:50.433828,200124471620,Video 91: Mdvar Zoxqiq Lqkrahr,0.3531,personalized_feed
2025-12-04T12:27:50.433888,200124471620,Video 86: Zvwgjuto Zuga Kjeen,0.353,personalized_feed
2025-12-04T12:27:50.433948,200124471620,Video 57: Eyges Fqysqrb Hlerzt,0.3525,personalized_feed
2025-12-04T12:27:50.434026,200124792553,Video 12: Olaqzsc Dsrhqqxt Ditt,0.2283,personalized_feed
2025-12-04T12:27:50.434091,200124792553,Video 15: Qpfn Tabvqd Gfmd,0.2281,personalized_feed
2025-12-04T12:27:50.434152,200124792553,Video 67: Hltjb Hknhesi Trbxyja,0.228,personalized_feed
2025-12-04T12:27:50.434212,200124792553,Video 50: Syvz Awbtgm Qpme,0.228,personalized_feed
2025-12-04T12:27:50.434272,200124792553,Video 21: Rddilws Oidx Uyjlne,0.2278,personalized_feed
2025-12-04T12:27:50.434332,200124792553,Video 80: Htknwv Hmuozm Zqftls,0.2277,personalized_feed
2025-12-04T12:27:50.434392,200124792553,Video 72: Koot Yylwmvnf Sukada,0.2275,personalized_feed
2025-12-04T12:27:50.434452,200124792553,Video 91: Mdvar Zoxqiq Lqkrahr,0.2275,personalized_feed
2025-12-04T12:27:50.434511,200124792553,Video 86: Zvwgjuto Zuga Kjeen,0.2274,personalized_feed
2025-12-04T12:27:50.434576,200124792553,Video 57: Eyges Fqysqrb Hlerzt,0.2269,personalized_feed
2025-12-04T12:27:50.434656,200124792702,Video 100: Mjvsp Yspuv Qrsn,0.0,personalized_feed
2025-12-04T12:27:50.434723,200124792702,Video 37: Twwa Gponb Fbtuhguv,0.0,personalized_feed
2025-12-04T12:27:50.434784,200124792702,Video 27: Bxjescvc Wayado Cfkxhp,0.0,personalized_feed
2025-12-04T12:27:50.434844,200124792702,Video 28: Bzmvqiuv Grlaxi Pcoh,0.0,personalized_feed
2025-12-04T12:27:50.434984,200124792702,Video 29: Qxhh Liticp Gxlnqev,0.0,personalized_feed
2025-12-04T12:27:50.435074,200124792702,Video 30: Uvyrveu Ocxasjp Gnelc,0.0,personalized_feed
2025-12-04T12:27:50.435146,200124792702,Video 31: Aosz Encvtew Ejehvko,0.0,personalized_feed
2025-12-04T12:27:50.435211,200124792702,Video 32: Feeprupz Rrqrir Knrcccp,0.0,personalized_feed
2025-12-04T12:27:50.435274,200124792702,Video 33: Fqvysh Gjghtff Xxbf,0.0,personalized_feed
2025-12-04T12:27:50.435335,200124792702,Video 34: Zyclpvcg Xdauml Nwguc,0.0,personalized_feed
2025-12-04T12:27:50.435424,200124792835,Video 12: Olaqzsc Dsrhqqxt Ditt,0.48,personalized_feed
2025-12-04T12:27:50.435493,200124792835,Video 15: Qpfn Tabvqd Gfmd,0.4794,personalized_feed
2025-12-04T12:27:50.435555,200124792835,Video 67: Hltjb Hknhesi Trbxyja,0.4794,personalized_feed
2025-12-04T12:27:50.435615,200124792835,Video 50: Syvz Awbtgm Qpme,0.4793,personalized_feed
2025-12-04T12:27:50.435676,200124792835,Video 21: Rddilws Oidx Uyjlne,0.4789,personalized_feed
2025-12-04T12:27:50.435750,200124792835,Video 80: Htknwv Hmuozm Zqftls,0.4787,personalized_feed
2025-12-04T12:27:50.435817,200124792835,Video 72: Koot Yylwmvnf Sukada,0.4783,personalized_feed
2025-12-04T12:27:50.435878,200124792835,Video 91: Mdvar Zoxqiq Lqkrahr,0.4782,personalized_feed
2025-12-04T12:27:50.435944,200124792835,Video 86: Zvwgjuto Zuga Kjeen,0.478,personalized_feed
2025-12-04T12:27:50.436006,200124792835,Video 57: Eyges Fqysqrb Hlerzt,0.4771,personalized_feed
2025-12-04T12:27:50.436103,200124793148,Video 100: Mjvsp Yspuv Qrsn,0.0,personalized_feed
2025-12-04T12:27:50.436182,200124793148,Video 37: Twwa Gponb Fbtuhguv,0.0,personalized_feed
2025-12-04T12:27:50.436254,200124793148,Video 27: Bxjescvc Wayado Cfkxhp,0.0,personalized_feed
2025-12-04T12:27:50.436334,200124793148,Video 28: Bzmvqiuv Grlaxi Pcoh,0.0,personalized_feed
2025-12-04T12:27:50.436454,200124793148,Video 29: Qxhh Liticp Gxlnqev,0.0,personalized_feed
2025-12-04T12:27:50.436530,200124793148,Video 30: Uvyrveu Ocxasjp Gnelc,0.0,personalized_feed
2025-12-04T12:27:50.436599,200124793148,Video 31: Aosz Encvtew Ejehvko,0.0,personalized_feed
2025-12-04T12:27:50.436664,200124793148,Video 32: Feeprupz Rrqrir Knrcccp,0.0,personalized_feed
2025-12-04T12:27:50.436726,200124793148,Video 33: Fqvysh Gjghtff Xxbf,0.0,personalized_feed
2025-12-04T12:27:50.436788,200124793148,Video 34: Zyclpvcg Xdauml Nwguc,0.0,personalized_feed
2025-12-04T12:27:50.436882,200124796539,Video 12: Olaqzsc Dsrhqqxt Ditt,0.4717,personalized_feed
2025-12-04T12:27:50.436951,200124796539,Video 15: Qpfn Tabvqd Gfmd,0.4711,personalized_feed
2025-12-04T12:27:50.437013,200124796539,Video 67: Hltjb Hknhesi Trbxyja,0.471,personalized_feed
2025-12-04T12:27:50.437074,200124796539,Video 50: Syvz Awbtgm Qpme,0.4709,personalized_feed
2025-12-04T12:27:50.437134,200124796539,Video 21: Rddilws Oidx Uyjlne,0.4706,personalized_feed
2025-12-04T12:27:50.437193,200124796539,Video 80: Htknwv Hmuozm Zqftls,0.4704,personalized_feed
2025-12-04T12:27:50.437253,200124796539,Video 72: Koot Yylwmvnf Sukada,0.47,personalized_feed
2025-12-04T12:27:50.437313,200124796539,Video 91: Mdvar Zoxqiq Lqkrahr,0.4699,personalized_feed
2025-12-04T12:27:50.437373,200124796539,Video 86: Zvwgjuto Zuga Kjeen,0.4697,personalized_feed
2025-12-04T12:27:50.437432,200124796539,Video 57: Eyges Fqysqrb Hlerzt,0.4688,personalized_feed
2025-12-04T12:27:50.437511,200124796919,Video 12: Olaqzsc Dsrhqqxt Ditt,0.4717,personalized_feed
2025-12-04T12:27:50.437575,200124796919,Video 15: Qpfn Tabvqd Gfmd,0.4711,personalized_feed
2025-12-04T12:27:50.437635,200124796919,Video 67: Hltjb Hknhesi Trbxyja,0.471,personalized_feed
2025-12-04T12:27:50.437695,200124796919,Video 50: Syvz Awbtgm Qpme,0.4709,personalized_feed
2025-12-04T12:27:50.437754,200124796919,Video 21: Rddilws Oidx Uyjlne,0.4706,personalized_feed
2025-12-04T12:27:50.437820,200124796919,Video 80: Htknwv Hmuozm Zqftls,0.4704,personalized_feed
2025-12-04T12:27:50.437880,200124796919,Video 72: Koot Yylwmvnf Sukada,0.47,personalized_feed
2025-12-04T12:27:50.437939,200124796919,Video 91: Mdvar Zoxqiq Lqkrahr,0.4699,personalized_feed
2025-12-04T12:27:50.437999,200124796919,Video 86: Zvwgjuto Zuga Kjeen,0.4697,personalized_feed
2025-12-04T12:27:50.438058,200124796919,Video 57: Eyges Fqysqrb Hlerzt,0.4688,personalized_feed
2025-12-04T12:27:50.438134,200124801107,Video 100: Mjvsp Yspuv Qrsn,0.0,personalized_feed
2025-12-04T12:27:50.438198,200124801107,Video 37: Twwa Gponb Fbtuhguv,0.0,personalized_feed
2025-12-04T12:27:50.438258,200124801107,Video 27: Bxjescvc Wayado Cfkxhp,0.0,personalized_feed
2025-12-04T12:27:50.438319,200124801107,Video 28: Bzmvqiuv Grlaxi Pcoh,0.0,personalized_feed
2025-12-04T12:27:50.438379,200124801107,Video 29: Qxhh Liticp Gxlnqev,0.0,personalized_feed
2025-12-04T12:27:50.438438,200124801107,Video 30: Uvyrveu Ocxasjp Gnelc,0.0,personalized_feed
2025-12-04T12:27:50.438498,200124801107,Video 31: Aosz Encvtew Ejehvko,0.0,personalized_feed
2025-12-04T12:27:50.438556,200124801107,Video 32: Feeprupz Rrqrir Knrcccp,0.0,personalized_feed
2025-12-04T12:27:50.438615,200124801107,Video 33: Fqvysh Gjghtff Xxbf,0.0,personalized_feed
2025-12-04T12:27:50.438674,200124801107,Video 34: Zyclpvcg Xdauml Nwguc,0.0,personalized_feed
2025-12-04T12:27:50.438749,200124801149,Video 12: Olaqzsc Dsrhqqxt Ditt,0.2283,personalized_feed
2025-12-04T12:27:50.438814,200124801149,Video 15: Qpfn Tabvqd Gfmd,0.2281,personalized_feed
2025-12-04T12:27:50.438874,200124801149,Video 67: Hltjb Hknhesi Trbxyja,0.228,personalized_feed
2025-12-04T12:27:50.438934,200124801149,Video 50: Syvz Awbtgm Qpme,0.228,personalized_feed
2025-12-04T12:27:50.438997,200124801149,Video 21: Rddilws Oidx Uyjlne,0.2278,personalized_feed
2025-12-04T12:27:50.439057,200124801149,Video 80: Htknwv Hmuozm Zqftls,0.2277,personalized_feed
2025-12-04T12:27:50.439117,200124801149,Video 72: Koot Yylwmvnf Sukada,0.2275,personalized_feed
2025-12-04T12:27:50.439176,200124801149,Video 91: Mdvar Zoxqiq Lqkrahr,0.2275,personalized_feed
2025-12-04T12:27:50.439243,200124801149,Video 86: Zvwgjuto Zuga Kjeen,0.2274,personalized_feed
2025-12-04T12:27:50.439304,200124801149,Video 57: Eyges Fqysqrb Hlerzt,0.2269,personalized_feed
2025-12-04T12:27:50.439381,200124812468,Video 12: Olaqzsc Dsrhqqxt Ditt,0.2283,personalized_feed
2025-12-04T12:27:50.439447,200124812468,Video 15: Qpfn Tabvqd Gfmd,0.2281,personalized_feed
2025-12-04T12:27:50.439508,200124812468,Video 67: Hltjb Hknhesi Trbxyja,0.228,personalized_feed
2025-12-04T12:27:50.439569,200124812468,Video 50: Syvz Awbtgm Qpme,0.228,personalized_feed
2025-12-04T12:27:50.439628,200124812468,Video 21: Rddilws Oidx Uyjlne,0.2278,personalized_feed
2025-12-04T12:27:50.439687,200124812468,Video 80: Htknwv Hmuozm Zqftls,0.2277,personalized_feed
2025-12-04T12:27:50.439747,200124812468,Video 72: Koot Yylwmvnf Sukada,0.2275,personalized_feed
2025-12-04T12:27:50.439806,200124812468,Video 91: Mdvar Zoxqiq Lqkrahr,0.2275,personalized_feed
2025-12-04T12:27:50.439870,200124812468,Video 86: Zvwgjuto Zuga Kjeen,0.2274,personalized_feed
2025-12-04T12:27:50.439932,200124812468,Video 57: Eyges Fqysqrb Hlerzt,0.2269,personalized_feed
2025-12-04T12:27:50.440011,200124823994,Video 12: Olaqzsc Dsrhqqxt Ditt,0.0357,personalized_feed
2025-12-04T12:27:50.440075,200124823994,Video 15: Qpfn Tabvqd Gfmd,0.0357,personalized_feed
2025-12-04T12:27:50.440135,200124823994,Video 67: Hltjb Hknhesi Trbxyja,0.0356,personalized_feed
2025-12-04T12:27:50.440195,200124823994,Video 50: Syvz Awbtgm Qpme,0.0356,personalized_feed
2025-12-04T12:27:50.440254,200124823994,Video 21: Rddilws Oidx Uyjlne,0.0356,personalized_feed
2025-12-04T12:27:50.440313,200124823994,Video 80: Htknwv Hmuozm Zqftls,0.0356,personalized_feed
2025-12-04T12:27:50.440372,200124823994,Video 72: Koot Yylwmvnf Sukada,0.0355,personalized_feed
2025-12-04T12:27:50.440431,200124823994,Video 91: Mdvar Zoxqiq Lqkrahr,0.0355,personalized_feed
2025-12-04T12:27:50.440490,200124823994,Video 86: Zvwgjuto Zuga Kjeen,0.0355,personalized_feed
2025-12-04T12:27:50.440548,200124823994,Video 57: Eyges Fqysqrb Hlerzt,0.0354,personalized_feed
2025-12-04T12:27:50.440623,200124824000,Video 12: Olaqzsc Dsrhqqxt Ditt,0.0357,personalized_feed
2025-12-04T12:27:50.440693,200124824000,Video 15: Qpfn Tabvqd Gfmd,0.0357,personalized_feed
2025-12-04T12:27:50.440755,200124824000,Video 67: Hltjb Hknhesi Trbxyja,0.0356,personalized_feed
2025-12-04T12:27:50.440814,200124824000,Video 50: Syvz Awbtgm Qpme,0.0356,personalized_feed
2025-12-04T12:27:50.440874,200124824000,Video 21: Rddilws Oidx Uyjlne,0.0356,personalized_feed
2025-12-04T12:27:50.440933,200124824000,Video 80: Htknwv Hmuozm Zqftls,0.0356,personalized_feed
2025-12-04T12:27:50.440993,200124824000,Video 72: Koot Yylwmvnf Sukada,0.0355,personalized_feed
2025-12-04T12:27:50.441053,200124824000,Video 91: Mdvar Zoxqiq Lqkrahr,0.0355,personalized_feed
2025-12-04T12:27:50.441112,200124824000,Video 86: Zvwgjuto Zuga Kjeen,0.0355,personalized_feed
2025-12-04T12:27:50.441171,200124824000,Video 57: Eyges Fqysqrb Hlerzt,0.0354,personalized_feed
2025-12-04T12:27:50.441246,200124863024,Video 100: Mjvsp Yspuv Qrsn,0.0,personalized_feed
2025-12-04T12:27:50.441310,200124863024,Video 37: Twwa Gponb Fbtuhguv,0.0,personalized_feed
2025-12-04T12:27:50.441369,200124863024,Video 27: Bxjescvc Wayado Cfkxhp,0.0,personalized_feed
2025-12-04T12:27:50.441429,200124863024,Video 28: Bzmvqiuv Grlaxi Pcoh,0.0,personalized_feed
2025-12-04T12:27:50.441488,200124863024,Video 29: Qxhh Liticp Gxlnqev,0.0,personalized_feed
2025-12-04T12:27:50.441547,200124863024,Video 30: Uvyrveu Ocxasjp Gnelc,0.0,personalized_feed
2025-12-04T12:27:50.441606,200124863024,Video 31: Aosz Encvtew Ejehvko,0.0,personalized_feed
2025-12-04T12:27:50.441665,200124863024,Video 32: Feeprupz Rrqrir Knrcccp,0.0,personalized_feed
2025-12-04T12:27:50.441730,200124863024,Video 33: Fqvysh Gjghtff Xxbf,0.0,personalized_feed
2025-12-04T12:27:50.441792,200124863024,Video 34: Zyclpvcg Xdauml Nwguc,0.0,personalized_feed
2025-12-04T12:27:50.441962,200124984101,Video 12: Olaqzsc Dsrhqqxt Ditt,0.6408,personalized_feed
2025-12-04T12:27:50.442095,200124984101,Video 15: Qpfn Tabvqd Gfmd,0.6398,personalized_feed
2025-12-04T12:27:50.442827,200124984101,Video 67: Hltjb Hknhesi Trbxyja,0.6397,personalized_feed
2025-12-04T12:27:50.443046,200124984101,Video 50: Syvz Awbtgm Qpme,0.6395,personalized_feed
2025-12-04T12:27:50.443152,200124984101,Video 21: Rddilws Oidx Uyjlne,0.6389,personalized_feed
2025-12-04T12:27:50.443224,200124984101,Video 80: Htknwv Hmuozm Zqftls,0.6385,personalized_feed
2025-12-04T12:27:50.443291,200124984101,Video 72: Koot Yylwmvnf Sukada,0.6377,personalized_feed
2025-12-04T12:27:50.443364,200124984101,Video 91: Mdvar Zoxqiq Lqkrahr,0.6377,personalized_feed
2025-12-04T12:27:50.443438,200124984101,Video 86: Zvwgjuto Zuga Kjeen,0.6372,personalized_feed
2025-12-04T12:27:50.443501,200124984101,Video 57: Eyges Fqysqrb Hlerzt,0.6356,personalized_feed
2025-12-04T12:27:50.443603,200124984150,Video 12: Olaqzsc Dsrhqqxt Ditt,0.4717,personalized_feed
2025-12-04T12:27:50.443672,200124984150,Video 15: Qpfn Tabvqd Gfmd,0.4711,personalized_feed
2025-12-04T12:27:50.443735,200124984150,Video 67: Hltjb Hknhesi Trbxyja,0.471,personalized_feed
2025-12-04T12:27:50.443795,200124984150,Video 50: Syvz Awbtgm Qpme,0.4709,personalized_feed
2025-12-04T12:27:50.443856,200124984150,Video 21: Rddilws Oidx Uyjlne,0.4706,personalized_feed
2025-12-04T12:27:50.443916,200124984150,Video 80: Htknwv Hmuozm Zqftls,0.4704,personalized_feed
2025-12-04T12:27:50.443976,200124984150,Video 72: Koot Yylwmvnf Sukada,0.47,personalized_feed
2025-12-04T12:27:50.444040,200124984150,Video 91: Mdvar Zoxqiq Lqkrahr,0.4699,personalized_feed
2025-12-04T12:27:50.444112,200124984150,Video 86: Zvwgjuto Zuga Kjeen,0.4697,personalized_feed
2025-12-04T12:27:50.444182,200124984150,Video 57: Eyges Fqysqrb Hlerzt,0.4688,personalized_feed
2025-12-04T12:27:50.444276,200124994787,Video 12: Olaqzsc Dsrhqqxt Ditt,0.1147,personalized_feed
2025-12-04T12:27:50.444350,200124994787,Video 15: Qpfn Tabvqd Gfmd,0.1145,personalized_feed
2025-12-04T12:27:50.444419,200124994787,Video 67: Hltjb Hknhesi Trbxyja,0.1145,personalized_feed
2025-12-04T12:27:50.444488,200124994787,Video 50: Syvz Awbtgm Qpme,0.1144,personalized_feed
2025-12-04T12:27:50.444556,200124994787,Video 21: Rddilws Oidx Uyjlne,0.1143,personalized_feed
2025-12-04T12:27:50.444623,200124994787,Video 80: Htknwv Hmuozm Zqftls,0.1142,personalized_feed
2025-12-04T12:27:50.444690,200124994787,Video 72: Koot Yylwmvnf Sukada,0.114,personalized_feed
2025-12-04T12:27:50.444763,200124994787,Video 91: Mdvar Zoxqiq Lqkrahr,0.114,personalized_feed
2025-12-04T12:27:50.444830,200124994787,Video 86: Zvwgjuto Zuga Kjeen,0.1139,personalized_feed
2025-12-04T12:27:50.444892,200124994787,Video 57: Eyges Fqysqrb Hlerzt,0.1136,personalized_feed
2025-12-04T12:27:50.444985,200124995750,Video 12: Olaqzsc Dsrhqqxt Ditt,0.6192,personalized_feed
2025-12-04T12:27:50.445058,200124995750,Video 15: Qpfn Tabvqd Gfmd,0.6183,personalized_feed
2025-12-04T12:27:50.445122,200124995750,Video 67: Hltjb Hknhesi Trbxyja,0.6182,personalized_feed
2025-12-04T12:27:50.445183,200124995750,Video 50: Syvz Awbtgm Qpme,0.618,personalized_feed
2025-12-04T12:27:50.445243,200124995750,Video 21: Rddilws Oidx Uyjlne,0.6175,personalized_feed
2025-12-04T12:27:50.445303,200124995750,Video 80: Htknwv Hmuozm Zqftls,0.6172,personalized_feed
2025-12-04T12:27:50.445363,200124995750,Video 72: Koot Yylwmvnf Sukada,0.6165,personalized_feed
2025-12-04T12:27:50.445422,200124995750,Video 91: Mdvar Zoxqiq Lqkrahr,0.6164,personalized_feed
2025-12-04T12:27:50.445482,200124995750,Video 86: Zvwgjuto Zuga Kjeen,0.6161,personalized_feed
2025-12-04T12:27:50.445542,200124995750,Video 57: Eyges Fqysqrb Hlerzt,0.6147,personalized_feed
2025-12-04T12:27:50.445620,200124996071,Video 12: Olaqzsc Dsrhqqxt Ditt,0.7425,personalized_feed
2025-12-04T12:27:50.445684,200124996071,Video 15: Qpfn Tabvqd Gfmd,0.7414,personalized_feed
2025-12-04T12:27:50.445744,200124996071,Video 67: Hltjb Hknhesi Trbxyja,0.7412,personalized_feed
2025-12-04T12:27:50.445805,200124996071,Video 50: Syvz Awbtgm Qpme,0.741,personalized_feed
2025-12-04T12:27:50.445875,200124996071,Video 21: Rddilws Oidx Uyjlne,0.7404,personalized_feed
2025-12-04T12:27:50.445937,200124996071,Video 80: Htknwv Hmuozm Zqftls,0.7399,personalized_feed
2025-12-04T12:27:50.445997,200124996071,Video 72: Koot Yylwmvnf Sukada,0.7391,personalized_feed
2025-12-04T12:27:50.446057,200124996071,Video 91: Mdvar Zoxqiq Lqkrahr,0.739,personalized_feed
2025-12-04T12:27:50.446116,200124996071,Video 86: Zvwgjuto Zuga Kjeen,0.7385,personalized_feed
2025-12-04T12:27:50.446175,200124996071,Video 57: Eyges Fqysqrb Hlerzt,0.7367,personalized_feed
2025-12-04T12:27:50.446262,200124996147,Video 12: Olaqzsc Dsrhqqxt Ditt,0.5919,personalized_feed
2025-12-04T12:27:50.446328,200124996147,Video 15: Qpfn Tabvqd Gfmd,0.5912,personalized_feed
2025-12-04T12:27:50.446389,200124996147,Video 67: Hltjb Hknhesi Trbxyja,0.5911,personalized_feed
2025-12-04T12:27:50.446448,200124996147,Video 50: Syvz Awbtgm Qpme,0.591,personalized_feed
2025-12-04T12:27:50.446508,200124996147,Video 21: Rddilws Oidx Uyjlne,0.5906,personalized_feed
2025-12-04T12:27:50.446566,200124996147,Video 80: Htknwv Hmuozm Zqftls,0.5903,personalized_feed
2025-12-04T12:27:50.446625,200124996147,Video 72: Koot Yylwmvnf Sukada,0.5897,personalized_feed
2025-12-04T12:27:50.446683,200124996147,Video 91: Mdvar Zoxqiq Lqkrahr,0.5897,personalized_feed
2025-12-04T12:27:50.446748,200124996147,Video 86: Zvwgjuto Zuga Kjeen,0.5894,personalized_feed
2025-12-04T12:27:50.446813,200124996147,Video 57: Eyges Fqysqrb Hlerzt,0.5883,personalized_feed
2025-12-04T12:27:50.446909,200124996394,Video 12: Olaqzsc Dsrhqqxt Ditt,0.7319,personalized_feed
2025-12-04T12:27:50.446978,200124996394,Video 15: Qpfn Tabvqd Gfmd,0.7308,personalized_feed
2025-12-04T12:27:50.447038,200124996394,Video 67: Hltjb Hknhesi Trbxyja,0.7306,personalized_feed
2025-12-04T12:27:50.447098,200124996394,Video 50: Syvz Awbtgm Qpme,0.7304,personalized_feed
2025-12-04T12:27:50.447157,200124996394,Video 21: Rddilws Oidx Uyjlne,0.7298,personalized_feed
2025-12-04T12:27:50.447216,200124996394,Video 80: Htknwv Hmuozm Zqftls,0.7293,personalized_feed
2025-12-04T12:27:50.447275,200124996394,Video 72: Koot Yylwmvnf Sukada,0.7285,personalized_feed
2025-12-04T12:27:50.447335,200124996394,Video 91: Mdvar Zoxqiq Lqkrahr,0.7284,personalized_feed
2025-12-04T12:27:50.447394,200124996394,Video 86: Zvwgjuto Zuga Kjeen,0.728,personalized_feed
2025-12-04T12:27:50.447453,200124996394,Video 57: Eyges Fqysqrb Hlerzt,0.7262,personalized_feed
2025-12-04T12:27:50.447529,200124996642,Video 12: Olaqzsc Dsrhqqxt Ditt,0.7011,personalized_feed
2025-12-04T12:27:50.447593,200124996642,Video 15: Qpfn Tabvqd Gfmd,0.7001,personalized_feed
2025-12-04T12:27:50.447653,200124996642,Video 67: Hltjb Hknhesi Trbxyja,0.6999,personalized_feed
2025-12-04T12:27:50.447717,200124996642,Video 50: Syvz Awbtgm Qpme,0.6997,personalized_feed
2025-12-04T12:27:50.447786,200124996642,Video 21: Rddilws Oidx Uyjlne,0.6991,personalized_feed
2025-12-04T12:27:50.447847,200124996642,Video 80: Htknwv Hmuozm Zqftls,0.6987,personalized_feed
2025-12-04T12:27:50.447907,200124996642,Video 72: Koot Yylwmvnf Sukada,0.6979,personalized_feed
2025-12-04T12:27:50.447967,200124996642,Video 91: Mdvar Zoxqiq Lqkrahr,0.6978,personalized_feed
2025-12-04T12:27:50.448026,200124996642,Video 86: Zvwgjuto Zuga Kjeen,0.6974,personalized_feed
2025-12-04T12:27:50.448085,200124996642,Video 57: Eyges Fqysqrb Hlerzt,0.6957,personalized_feed
2025-12-04T12:27:50.448165,200124997145,Video 12: Olaqzsc Dsrhqqxt Ditt,0.3946,personalized_feed
2025-12-04T12:27:50.448230,200124997145,Video 15: Qpfn Tabvqd Gfmd,0.3941,personalized_feed
2025-12-04T12:27:50.448289,200124997145,Video 67: Hltjb Hknhesi Trbxyja,0.394,personalized_feed
2025-12-04T12:27:50.448349,200124997145,Video 50: Syvz Awbtgm Qpme,0.394,personalized_feed
2025-12-04T12:27:50.448409,200124997145,Video 21: Rddilws Oidx Uyjlne,0.3937,personalized_feed
2025-12-04T12:27:50.448469,200124997145,Video 80: Htknwv Hmuozm Zqftls,0.3935,personalized_feed
2025-12-04T12:27:50.448528,200124997145,Video 72: Koot Yylwmvnf Sukada,0.3931,personalized_feed
2025-12-04T12:27:50.448587,200124997145,Video 91: Mdvar Zoxqiq Lqkrahr,0.3931,personalized_feed
2025-12-04T12:27:50.448722,200124997145,Video 86: Zvwgjuto Zuga Kjeen,0.3929,personalized_feed
2025-12-04T12:27:50.448794,200124997145,Video 57: Eyges Fqysqrb Hlerzt,0.3922,personalized_feed
2025-12-04T12:27:50.448955,200124997350,Video 12: Olaqzsc Dsrhqqxt Ditt,0.8778,personalized_feed
2025-12-04T12:27:50.449038,200124997350,Video 15: Qpfn Tabvqd Gfmd,0.8769,personalized_feed
2025-12-04T12:27:50.449103,200124997350,Video 67: Hltjb Hknhesi Trbxyja,0.8767,personalized_feed
2025-12-04T12:27:50.449166,200124997350,Video 50: Syvz Awbtgm Qpme,0.8766,personalized_feed
2025-12-04T12:27:50.449232,200124997350,Video 21: Rddilws Oidx Uyjlne,0.876,personalized_feed
2025-12-04T12:27:50.449294,200124997350,Video 80: Htknwv Hmuozm Zqftls,0.8756,personalized_feed
2025-12-04T12:27:50.449364,200124997350,Video 72: Koot Yylwmvnf Sukada,0.8749,personalized_feed
2025-12-04T12:27:50.449426,200124997350,Video 91: Mdvar Zoxqiq Lqkrahr,0.8748,personalized_feed
2025-12-04T12:27:50.449487,200124997350,Video 86: Zvwgjuto Zuga Kjeen,0.8745,personalized_feed
2025-12-04T12:27:50.449548,200124997350,Video 57: Eyges Fqysqrb Hlerzt,0.8729,personalized_feed
2025-12-04T12:27:50.449637,200124997426,Video 12: Olaqzsc Dsrhqqxt Ditt,0.3354,personalized_feed
2025-12-04T12:27:50.449703,200124997426,Video 15: Qpfn Tabvqd Gfmd,0.335,personalized_feed
2025-12-04T12:27:50.449764,200124997426,Video 67: Hltjb Hknhesi Trbxyja,0.3349,personalized_feed
2025-12-04T12:27:50.449823,200124997426,Video 50: Syvz Awbtgm Qpme,0.3349,personalized_feed
2025-12-04T12:27:50.449883,200124997426,Video 21: Rddilws Oidx Uyjlne,0.3346,personalized_feed
2025-12-04T12:27:50.449943,200124997426,Video 80: Htknwv Hmuozm Zqftls,0.3345,personalized_feed
2025-12-04T12:27:50.450003,200124997426,Video 72: Koot Yylwmvnf Sukada,0.3341,personalized_feed
2025-12-04T12:27:50.450069,200124997426,Video 91: Mdvar Zoxqiq Lqkrahr,0.3341,personalized_feed
2025-12-04T12:27:50.450133,200124997426,Video 86: Zvwgjuto Zuga Kjeen,0.3339,personalized_feed
2025-12-04T12:27:50.450195,200124997426,Video 57: Eyges Fqysqrb Hlerzt,0.3333,personalized_feed
2025-12-04T12:27:50.450277,200124997749,Video 12: Olaqzsc Dsrhqqxt Ditt,0.7502,personalized_feed
2025-12-04T12:27:50.450359,200124997749,Video 15: Qpfn Tabvqd Gfmd,0.7491,personalized_feed
2025-12-04T12:27:50.450422,200124997749,Video 67: Hltjb Hknhesi Trbxyja,0.7489,personalized_feed
2025-12-04T12:27:50.450482,200124997749,Video 50: Syvz Awbtgm Qpme,0.7487,personalized_feed
2025-12-04T12:27:50.450541,200124997749,Video 21: Rddilws Oidx Uyjlne,0.7481,personalized_feed
2025-12-04T12:27:50.450604,200124997749,Video 80: Htknwv Hmuozm Zqftls,0.7476,personalized_feed
2025-12-04T12:27:50.450666,200124997749,Video 72: Koot Yylwmvnf Sukada,0.7467,personalized_feed
2025-12-04T12:27:50.450725,200124997749,Video 91: Mdvar Zoxqiq Lqkrahr,0.7467,personalized_feed
2025-12-04T12:27:50.450784,200124997749,Video 86: Zvwgjuto Zuga Kjeen,0.7462,personalized_feed
2025-12-04T12:27:50.450848,200124997749,Video 57: Eyges Fqysqrb Hlerzt,0.7444,personalized_feed
2025-12-04T12:27:50.450928,200124998101,Video 12: Olaqzsc Dsrhqqxt Ditt,0.8778,personalized_feed
2025-12-04T12:27:50.450992,200124998101,Video 15: Qpfn Tabvqd Gfmd,0.8769,personalized_feed
2025-12-04T12:27:50.451052,200124998101,Video 67: Hltjb Hknhesi Trbxyja,0.8767,personalized_feed
2025-12-04T12:27:50.451111,200124998101,Video 50: Syvz Awbtgm Qpme,0.8766,personalized_feed
2025-12-04T12:27:50.451170,200124998101,Video 21: Rddilws Oidx Uyjlne,0.876,personalized_feed
2025-12-04T12:27:50.451229,200124998101,Video 80: Htknwv Hmuozm Zqftls,0.8756,personalized_feed
2025-12-04T12:27:50.451288,200124998101,Video 72: Koot Yylwmvnf Sukada,0.8749,personalized_feed
2025-12-04T12:27:50.451346,200124998101,Video 91: Mdvar Zoxqiq Lqkrahr,0.8748,personalized_feed
2025-12-04T12:27:50.451405,200124998101,Video 86: Zvwgjuto Zuga Kjeen,0.8745,personalized_feed
2025-12-04T12:27:50.451465,200124998101,Video 57: Eyges Fqysqrb Hlerzt,0.8729,personalized_feed
2025-12-04T12:27:50.451541,200125000006,Video 12: Olaqzsc Dsrhqqxt Ditt,0.8372,personalized_feed
2025-12-04T12:27:50.451611,200125000006,Video 15: Qpfn Tabvqd Gfmd,0.8362,personalized_feed
2025-12-04T12:27:50.451673,200125000006,Video 67: Hltjb Hknhesi Trbxyja,0.836,personalized_feed
2025-12-04T12:27:50.451785,200125000006,Video 50: Syvz Awbtgm Qpme,0.8358,personalized_feed
2025-12-04T12:27:50.451853,200125000006,Video 21: Rddilws Oidx Uyjlne,0.8352,personalized_feed
2025-12-04T12:27:50.451914,200125000006,Video 80: Htknwv Hmuozm Zqftls,0.8348,personalized_feed
2025-12-04T12:27:50.451977,200125000006,Video 72: Koot Yylwmvnf Sukada,0.834,personalized_feed
2025-12-04T12:27:50.452047,200125000006,Video 91: Mdvar Zoxqiq Lqkrahr,0.8339,personalized_feed
2025-12-04T12:27:50.452116,200125000006,Video 86: Zvwgjuto Zuga Kjeen,0.8334,personalized_feed
2025-12-04T12:27:50.452176,200125000006,Video 57: Eyges Fqysqrb Hlerzt,0.8317,personalized_feed
2025-12-04T12:27:50.452263,200125000279,Video 12: Olaqzsc Dsrhqqxt Ditt,0.761,personalized_feed
2025-12-04T12:27:50.452328,200125000279,Video 15: Qpfn Tabvqd Gfmd,0.7599,personalized_feed
2025-12-04T12:27:50.452394,200125000279,Video 67: Hltjb Hknhesi Trbxyja,0.7597,personalized_feed
2025-12-04T12:27:50.452455,200125000279,Video 50: Syvz Awbtgm Qpme,0.7595,personalized_feed
2025-12-04T12:27:50.452573,200125000279,Video 21: Rddilws Oidx Uyjlne,0.7588,personalized_feed
2025-12-04T12:27:50.452670,200125000279,Video 80: Htknwv Hmuozm Zqftls,0.7584,personalized_feed
2025-12-04T12:27:50.452743,200125000279,Video 72: Koot Yylwmvnf Sukada,0.7575,personalized_feed
2025-12-04T12:27:50.452810,200125000279,Video 91: Mdvar Zoxqiq Lqkrahr,0.7574,personalized_feed
2025-12-04T12:27:50.452874,200125000279,Video 86: Zvwgjuto Zuga Kjeen,0.7569,personalized_feed
2025-12-04T12:27:50.452936,200125000279,Video 57: Eyges Fqysqrb Hlerzt,0.7551,personalized_feed
2025-12-04T12:27:50.453033,200125001103,Video 12: Olaqzsc Dsrhqqxt Ditt,0.5919,personalized_feed
2025-12-04T12:27:50.453150,200125001103,Video 15: Qpfn Tabvqd Gfmd,0.5912,personalized_feed
2025-12-04T12:27:50.453323,200125001103,Video 67: Hltjb Hknhesi Trbxyja,0.5911,personalized_feed
2025-12-04T12:27:50.453475,200125001103,Video 50: Syvz Awbtgm Qpme,0.591,personalized_feed
2025-12-04T12:27:50.453630,200125001103,Video 21: Rddilws Oidx Uyjlne,0.5906,personalized_feed
2025-12-04T12:27:50.453760,200125001103,Video 80: Htknwv Hmuozm Zqftls,0.5903,personalized_feed
2025-12-04T12:27:50.453883,200125001103,Video 72: Koot Yylwmvnf Sukada,0.5897,personalized_feed
2025-12-04T12:27:50.454040,200125001103,Video 91: Mdvar Zoxqiq Lqkrahr,0.5897,personalized_feed
2025-12-04T12:27:50.454156,200125001103,Video 86: Zvwgjuto Zuga Kjeen,0.5894,personalized_feed
2025-12-04T12:27:50.454250,200125001103,Video 57: Eyges Fqysqrb Hlerzt,0.5883,personalized_feed
2025-12-04T12:27:50.454361,200125001145,Video 12: Olaqzsc Dsrhqqxt Ditt,0.5919,personalized_feed
2025-12-04T12:27:50.454488,200125001145,Video 15: Qpfn Tabvqd Gfmd,0.5912,personalized_feed
2025-12-04T12:27:50.454568,200125001145,Video 67: Hltjb Hknhesi Trbxyja,0.5911,personalized_feed
2025-12-04T12:27:50.454634,200125001145,Video 50: Syvz Awbtgm Qpme,0.591,personalized_feed
2025-12-04T12:27:50.454698,200125001145,Video 21: Rddilws Oidx Uyjlne,0.5906,personalized_feed
2025-12-04T12:27:50.454766,200125001145,Video 80: Htknwv Hmuozm Zqftls,0.5903,personalized_feed
2025-12-04T12:27:50.454829,200125001145,Video 72: Koot Yylwmvnf Sukada,0.5897,personalized_feed
2025-12-04T12:27:50.454888,200125001145,Video 91: Mdvar Zoxqiq Lqkrahr,0.5897,personalized_feed
2025-12-04T12:27:50.454948,200125001145,Video 86: Zvwgjuto Zuga Kjeen,0.5894,personalized_feed
2025-12-04T12:27:50.455008,200125001145,Video 57: Eyges Fqysqrb Hlerzt,0.5883,personalized_feed
2025-12-04T12:27:50.455098,200125001509,Video 12: Olaqzsc Dsrhqqxt Ditt,0.5919,personalized_feed
2025-12-04T12:27:50.455164,200125001509,Video 15: Qpfn Tabvqd Gfmd,0.5912,personalized_feed
2025-12-04T12:27:50.455227,200125001509,Video 67: Hltjb Hknhesi Trbxyja,0.5911,personalized_feed
2025-12-04T12:27:50.455363,200125001509,Video 50: Syvz Awbtgm Qpme,0.591,personalized_feed
2025-12-04T12:27:50.455541,200125001509,Video 21: Rddilws Oidx Uyjlne,0.5906,personalized_feed
2025-12-04T12:27:50.455645,200125001509,Video 80: Htknwv Hmuozm Zqftls,0.5903,personalized_feed
2025-12-04T12:27:50.455717,200125001509,Video 72: Koot Yylwmvnf Sukada,0.5897,personalized_feed
2025-12-04T12:27:50.455784,200125001509,Video 91: Mdvar Zoxqiq Lqkrahr,0.5897,personalized_feed
2025-12-04T12:27:50.455847,200125001509,Video 86: Zvwgjuto Zuga Kjeen,0.5894,personalized_feed
2025-12-04T12:27:50.455909,200125001509,Video 57: Eyges Fqysqrb Hlerzt,0.5883,personalized_feed
2025-12-04T12:27:50.456006,200125001756,Video 12: Olaqzsc Dsrhqqxt Ditt,0.6026,personalized_feed
2025-12-04T12:27:50.456074,200125001756,Video 15: Qpfn Tabvqd Gfmd,0.6017,personalized_feed
2025-12-04T12:27:50.456136,200125001756,Video 67: Hltjb Hknhesi Trbxyja,0.6016,personalized_feed
2025-12-04T12:27:50.456196,200125001756,Video 50: Syvz Awbtgm Qpme,0.6014,personalized_feed
2025-12-04T12:27:50.456257,200125001756,Video 21: Rddilws Oidx Uyjlne,0.6009,personalized_feed
2025-12-04T12:27:50.456318,200125001756,Video 80: Htknwv Hmuozm Zqftls,0.6006,personalized_feed
2025-12-04T12:27:50.456378,200125001756,Video 72: Koot Yylwmvnf Sukada,0.5999,personalized_feed
2025-12-04T12:27:50.456446,200125001756,Video 91: Mdvar Zoxqiq Lqkrahr,0.5998,personalized_feed
2025-12-04T12:27:50.456606,200125001756,Video 86: Zvwgjuto Zuga Kjeen,0.5995,personalized_feed
2025-12-04T12:27:50.456688,200125001756,Video 57: Eyges Fqysqrb Hlerzt,0.598,personalized_feed
2025-12-04T12:27:50.456790,200125001988,Video 12: Olaqzsc Dsrhqqxt Ditt,0.3733,personalized_feed
2025-12-04T12:27:50.456863,200125001988,Video 15: Qpfn Tabvqd Gfmd,0.3728,personalized_feed
2025-12-04T12:27:50.456928,200125001988,Video 67: Hltjb Hknhesi Trbxyja,0.3727,personalized_feed
2025-12-04T12:27:50.456990,200125001988,Video 50: Syvz Awbtgm Qpme,0.3727,personalized_feed
2025-12-04T12:27:50.457051,200125001988,Video 21: Rddilws Oidx Uyjlne,0.3723,personalized_feed
2025-12-04T12:27:50.457111,200125001988,Video 80: Htknwv Hmuozm Zqftls,0.3721,personalized_feed
2025-12-04T12:27:50.457171,200125001988,Video 72: Koot Yylwmvnf Sukada,0.3717,personalized_feed
2025-12-04T12:27:50.457229,200125001988,Video 91: Mdvar Zoxqiq Lqkrahr,0.3717,personalized_feed
2025-12-04T12:27:50.457292,200125001988,Video 86: Zvwgjuto Zuga Kjeen,0.3715,personalized_feed
2025-12-04T12:27:50.457352,200125001988,Video 57: Eyges Fqysqrb Hlerzt,0.3706,personalized_feed
2025-12-04T12:27:50.457436,200125002739,Video 100: Mjvsp Yspuv Qrsn,0.0,personalized_feed
2025-12-04T12:27:50.457502,200125002739,Video 37: Twwa Gponb Fbtuhguv,0.0,personalized_feed
2025-12-04T12:27:50.457562,200125002739,Video 27: Bxjescvc Wayado Cfkxhp,0.0,personalized_feed
2025-12-04T12:27:50.457622,200125002739,Video 28: Bzmvqiuv Grlaxi Pcoh,0.0,personalized_feed
2025-12-04T12:27:50.457682,200125002739,Video 29: Qxhh Liticp Gxlnqev,0.0,personalized_feed
2025-12-04T12:27:50.457741,200125002739,Video 30: Uvyrveu Ocxasjp Gnelc,0.0,personalized_feed
2025-12-04T12:27:50.457801,200125002739,Video 31: Aosz Encvtew Ejehvko,0.0,personalized_feed
2025-12-04T12:27:50.457860,200125002739,Video 32: Feeprupz Rrqrir Knrcccp,0.0,personalized_feed
2025-12-04T12:27:50.457926,200125002739,Video 33: Fqvysh Gjghtff Xxbf,0.0,personalized_feed
2025-12-04T12:27:50.457987,200125002739,Video 34: Zyclpvcg Xdauml Nwguc,0.0,personalized_feed
2025-12-04T12:27:50.458095,200125003315,Video 100: Mjvsp Yspuv Qrsn,0.0,personalized_feed
2025-12-04T12:27:50.458220,200125003315,Video 37: Twwa Gponb Fbtuhguv,0.0,personalized_feed
2025-12-04T12:27:50.458337,200125003315,Video 27: Bxjescvc Wayado Cfkxhp,0.0,personalized_feed
2025-12-04T12:27:50.458437,200125003315,Video 28: Bzmvqiuv Grlaxi Pcoh,0.0,personalized_feed
2025-12-04T12:27:50.458511,200125003315,Video 29: Qxhh Liticp Gxlnqev,0.0,personalized_feed
2025-12-04T12:27:50.458579,200125003315,Video 30: Uvyrveu Ocxasjp Gnelc,0.0,personalized_feed
2025-12-04T12:27:50.458643,200125003315,Video 31: Aosz Encvtew Ejehvko,0.0,personalized_feed
2025-12-04T12:27:50.458705,200125003315,Video 32: Feeprupz Rrqrir Knrcccp,0.0,personalized_feed
2025-12-04T12:27:50.458766,200125003315,Video 33: Fqvysh Gjghtff Xxbf,0.0,personalized_feed
2025-12-04T12:27:50.458827,200125003315,Video 34: Zyclpvcg Xdauml Nwguc,0.0,personalized_feed
2025-12-04T12:27:50.458923,200125004073,Video 12: Olaqzsc Dsrhqqxt Ditt,0.7263,personalized_feed
2025-12-04T12:27:50.458994,200125004073,Video 15: Qpfn Tabvqd Gfmd,0.7252,personalized_feed
2025-12-04T12:27:50.459057,200125004073,Video 67: Hltjb Hknhesi Trbxyja,0.725,personalized_feed
2025-12-04T12:27:50.459119,200125004073,Video 50: Syvz Awbtgm Qpme,0.7248,personalized_feed
2025-12-04T12:27:50.459181,200125004073,Video 21: Rddilws Oidx Uyjlne,0.7242,personalized_feed
2025-12-04T12:27:50.459241,200125004073,Video 80: Htknwv Hmuozm Zqftls,0.7237,personalized_feed
2025-12-04T12:27:50.459302,200125004073,Video 72: Koot Yylwmvnf Sukada,0.7229,personalized_feed
2025-12-04T12:27:50.459363,200125004073,Video 91: Mdvar Zoxqiq Lqkrahr,0.7228,personalized_feed
2025-12-04T12:27:50.459424,200125004073,Video 86: Zvwgjuto Zuga Kjeen,0.7223,personalized_feed
2025-12-04T12:27:50.459485,200125004073,Video 57: Eyges Fqysqrb Hlerzt,0.7205,personalized_feed
2025-12-04T12:27:50.459569,200125004289,Video 12: Olaqzsc Dsrhqqxt Ditt,0.5919,personalized_feed
2025-12-04T12:27:50.459635,200125004289,Video 15: Qpfn Tabvqd Gfmd,0.5912,personalized_feed
2025-12-04T12:27:50.459696,200125004289,Video 67: Hltjb Hknhesi Trbxyja,0.5911,personalized_feed
2025-12-04T12:27:50.459764,200125004289,Video 50: Syvz Awbtgm Qpme,0.591,personalized_feed
2025-12-04T12:27:50.459831,200125004289,Video 21: Rddilws Oidx Uyjlne,0.5906,personalized_feed
2025-12-04T12:27:50.459912,200125004289,Video 80: Htknwv Hmuozm Zqftls,0.5903,personalized_feed
2025-12-04T12:27:50.459978,200125004289,Video 72: Koot Yylwmvnf Sukada,0.5897,personalized_feed
2025-12-04T12:27:50.460040,200125004289,Video 91: Mdvar Zoxqiq Lqkrahr,0.5897,personalized_feed
2025-12-04T12:27:50.460100,200125004289,Video 86: Zvwgjuto Zuga Kjeen,0.5894,personalized_feed
2025-12-04T12:27:50.460160,200125004289,Video 57: Eyges Fqysqrb Hlerzt,0.5883,personalized_feed
2025-12-04T12:27:50.460245,200125004677,Video 12: Olaqzsc Dsrhqqxt Ditt,0.9651,personalized_feed
2025-12-04T12:27:50.460332,200125004677,Video 15: Qpfn Tabvqd Gfmd,0.9646,personalized_feed
2025-12-04T12:27:50.460401,200125004677,Video 67: Hltjb Hknhesi Trbxyja,0.9645,personalized_feed
2025-12-04T12:27:50.460466,200125004677,Video 50: Syvz Awbtgm Qpme,0.9644,personalized_feed
2025-12-04T12:27:50.460527,200125004677,Video 21: Rddilws Oidx Uyjlne,0.9641,personalized_feed
2025-12-04T12:27:50.460596,200125004677,Video 80: Htknwv Hmuozm Zqftls,0.9639,personalized_feed
2025-12-04T12:27:50.460658,200125004677,Video 72: Koot Yylwmvnf Sukada,0.9635,personalized_feed
2025-12-04T12:27:50.460718,200125004677,Video 91: Mdvar Zoxqiq Lqkrahr,0.9634,personalized_feed
2025-12-04T12:27:50.460778,200125004677,Video 86: Zvwgjuto Zuga Kjeen,0.9632,personalized_feed
2025-12-04T12:27:50.460839,200125004677,Video 57: Eyges Fqysqrb Hlerzt,0.9624,personalized_feed
2025-12-04T12:27:50.460926,200125004859,Video 12: Olaqzsc Dsrhqqxt Ditt,0.8162,personalized_feed
2025-12-04T12:27:50.460992,200125004859,Video 15: Qpfn Tabvqd Gfmd,0.8161,personalized_feed
2025-12-04T12:27:50.461053,200125004859,Video 67: Hltjb Hknhesi Trbxyja,0.816,personalized_feed
2025-12-04T12:27:50.461114,200125004859,Video 50: Syvz Awbtgm Qpme,0.816,personalized_feed
2025-12-04T12:27:50.461174,200125004859,Video 21: Rddilws Oidx Uyjlne,0.8159,personalized_feed
2025-12-04T12:27:50.461234,200125004859,Video 80: Htknwv Hmuozm Zqftls,0.8158,personalized_feed
2025-12-04T12:27:50.461294,200125004859,Video 72: Koot Yylwmvnf Sukada,0.8157,personalized_feed
2025-12-04T12:27:50.461360,200125004859,Video 91: Mdvar Zoxqiq Lqkrahr,0.8157,personalized_feed
2025-12-04T12:27:50.461427,200125004859,Video 86: Zvwgjuto Zuga Kjeen,0.8156,personalized_feed
2025-12-04T12:27:50.461489,200125004859,Video 57: Eyges Fqysqrb Hlerzt,0.8153,personalized_feed
2025-12-04T12:27:50.461578,200125004958,Video 12: Olaqzsc Dsrhqqxt Ditt,0.7702,personalized_feed
2025-12-04T12:27:50.461671,200125004958,Video 15: Qpfn Tabvqd Gfmd,0.77,personalized_feed
2025-12-04T12:27:50.461757,200125004958,Video 67: Hltjb Hknhesi Trbxyja,0.77,personalized_feed
2025-12-04T12:27:50.461841,200125004958,Video 50: Syvz Awbtgm Qpme,0.77,personalized_feed
2025-12-04T12:27:50.461904,200125004958,Video 21: Rddilws Oidx Uyjlne,0.7699,personalized_feed
2025-12-04T12:27:50.462045,200125004958,Video 80: Htknwv Hmuozm Zqftls,0.7698,personalized_feed
2025-12-04T12:27:50.462143,200125004958,Video 72: Koot Yylwmvnf Sukada,0.7696,personalized_feed
2025-12-04T12:27:50.462240,200125004958,Video 91: Mdvar Zoxqiq Lqkrahr,0.7696,personalized_feed
2025-12-04T12:27:50.462360,200125004958,Video 86: Zvwgjuto Zuga Kjeen,0.7695,personalized_feed
2025-12-04T12:27:50.462460,200125004958,Video 57: Eyges Fqysqrb Hlerzt,0.7692,personalized_feed
